associated_reactions,bounds_after_knockout,classification,condition_isolation,correct,feasibility_tolerance,genes,ko_growth,ko_status,mapped_background,mapped_rescue,missing_background,missing_genes,missing_rescue,model,model_json,model_json_sha256,pair_id,pid,python_executable,rescue_growth,rescue_status,solver,solver_timeout_seconds,threshold,uptake_lower_bound,process_timeout_seconds,primary_feasibility_tolerance,primary_process_timeout,retry_policy,retry_attempted,retry_status,retry_feasibility_tolerance,retry_process_timeout_seconds,result_source,excel_row,gene_field,chemical,n_genes,strain_background,reference,conditional_medium
r_0208,"{'r_0208': [0, 0]}",correct,fresh_model_per_condition,True,1e-07,YOL058W,3.754805422489263e-18,optimal,,r_1879,,,,Yeast9,C:\Users\pc\Documents\auxoyeast\auxoyeast-v058-yeast9\results\model_cache\Yeast9.from_sbml.json,a0c2845382f586e2631455c9663dd0f7b161f63591dde29974464fe8f31d0742,excel:2,22844,C:\Users\pc\anaconda3\envs\auxoyeast-repro\python.exe,6.751850934011569,optimal,glpk,180,0.0008590751899388004,-1000.0,240,1e-07,False,process_timeout_only_tight_feasibility,False,not_attempted,,120,primary,2,YOL058W,arginine,1,Sigma1278b,"Crabeel M, et al. (1988) PMID:2897249",False
r_0761,"{'r_0761': [-1000.0, 1000.0]}",type_I,fresh_model_per_condition,False,1e-07,YJL071W,0.08590751899387956,optimal,,r_1879,,,,Yeast9,C:\Users\pc\Documents\auxoyeast\auxoyeast-v058-yeast9\results\model_cache\Yeast9.from_sbml.json,a0c2845382f586e2631455c9663dd0f7b161f63591dde29974464fe8f31d0742,excel:3,19104,C:\Users\pc\anaconda3\envs\auxoyeast-repro\python.exe,9.926099348452201,optimal,glpk,180,0.0008590751899388004,-1000.0,240,1e-07,False,process_timeout_only_tight_feasibility,False,not_attempted,,120,primary,3,YJL071W,arginine,1,S288C,Vandenbol M and Portetelle D (1999) PMID:10509023,False
r_0816,"{'r_0816': [0, 0]}",correct,fresh_model_per_condition,True,1e-07,YJL088W,0.0,optimal,,r_1879,,,,Yeast9,C:\Users\pc\Documents\auxoyeast\auxoyeast-v058-yeast9\results\model_cache\Yeast9.from_sbml.json,a0c2845382f586e2631455c9663dd0f7b161f63591dde29974464fe8f31d0742,excel:4,3796,C:\Users\pc\anaconda3\envs\auxoyeast-repro\python.exe,9.926099348452201,optimal,glpk,180,0.0008590751899388004,-1000.0,240,1e-07,False,process_timeout_only_tight_feasibility,False,not_attempted,,120,primary,4,YJL088W,arginine,1,Other,"Cheng MY, et al. (1987) PMID:3295876",False
r_0207,"{'r_0207': [0, 0]}",correct,fresh_model_per_condition,True,1e-07,YHR018C,2.6711440273955523e-18,optimal,,r_1879,,,,Yeast9,C:\Users\pc\Documents\auxoyeast\auxoyeast-v058-yeast9\results\model_cache\Yeast9.from_sbml.json,a0c2845382f586e2631455c9663dd0f7b161f63591dde29974464fe8f31d0742,excel:5,25692,C:\Users\pc\anaconda3\envs\auxoyeast-repro\python.exe,6.751850934011516,optimal,glpk,180,0.0008590751899388004,-1000.0,240,1e-07,False,process_timeout_only_tight_feasibility,False,not_attempted,,120,primary,5,YHR018C,arginine,1,Other,"Espinosa-Cantú A, et al. (2018) PMID:29127264",False
r_0115+r_0759,"{'r_0115': [0, 0], 'r_0759': [0, 0]}",correct,fresh_model_per_condition,True,1e-07,YER069W,0.0,optimal,,r_1879,,,,Yeast9,C:\Users\pc\Documents\auxoyeast\auxoyeast-v058-yeast9\results\model_cache\Yeast9.from_sbml.json,a0c2845382f586e2631455c9663dd0f7b161f63591dde29974464fe8f31d0742,excel:6,2580,C:\Users\pc\anaconda3\envs\auxoyeast-repro\python.exe,9.926099348452201,optimal,glpk,180,0.0008590751899388004,-1000.0,240,1e-07,False,process_timeout_only_tight_feasibility,False,not_attempted,,120,primary,6,YER069W,arginine,1,Other,"Boonchird C, et al. (1991) PMID:1851947",False
r_0761+r_0818,"{'r_0761': [-1000.0, 1000.0], 'r_0818': [0, 0]}",correct,fresh_model_per_condition,True,1e-07,YMR062C,2.331716039423951e-18,optimal,,r_1879,,,,Yeast9,C:\Users\pc\Documents\auxoyeast\auxoyeast-v058-yeast9\results\model_cache\Yeast9.from_sbml.json,a0c2845382f586e2631455c9663dd0f7b161f63591dde29974464fe8f31d0742,excel:7,22468,C:\Users\pc\anaconda3\envs\auxoyeast-repro\python.exe,9.92609934845247,optimal,glpk,180,0.0008590751899388004,-1000.0,240,1e-07,False,process_timeout_only_tight_feasibility,False,not_attempted,,120,primary,7,YMR062C,arginine,1,Sigma1278b,"Crabeel M, et al. (1997) PMID:9428669",False
r_0216+r_0218+r_0681+r_0683+r_1065,"{'r_0216': [0, 0], 'r_0218': [0, 0], 'r_0681': [0, 0], 'r_0683': [0, 0], 'r_1065': [0, 0]}",type_I,fresh_model_per_condition,False,1e-07,YLR027C,0.08590751899387945,optimal,,r_1881,,,,Yeast9,C:\Users\pc\Documents\auxoyeast\auxoyeast-v058-yeast9\results\model_cache\Yeast9.from_sbml.json,a0c2845382f586e2631455c9663dd0f7b161f63591dde29974464fe8f31d0742,excel:8,21152,C:\Users\pc\anaconda3\envs\auxoyeast-repro\python.exe,6.929940827603884,optimal,glpk,180,0.0008590751899388004,-1000.0,240,1e-07,False,process_timeout_only_tight_feasibility,False,not_attempted,,120,primary,8,YLR027C,asparticacid,1,S288C,"Crawford RA, et al. (2022) PMID:35621265",False
r_0310+r_0815,"{'r_0310': [0, 0], 'r_0815': [-1000.0, 1000.0]}",type_I,fresh_model_per_condition,False,1e-07,YAL012W,0.08590751899387906,optimal,,r_1883,,,,Yeast9,C:\Users\pc\Documents\auxoyeast\auxoyeast-v058-yeast9\results\model_cache\Yeast9.from_sbml.json,a0c2845382f586e2631455c9663dd0f7b161f63591dde29974464fe8f31d0742,excel:9,21848,C:\Users\pc\anaconda3\envs\auxoyeast-repro\python.exe,5.800362217438239,optimal,glpk,180,0.0008590751899388004,-1000.0,240,1e-07,False,process_timeout_only_tight_feasibility,False,not_attempted,,120,primary,9,YAL012W,cysteine,1,W303,"Cherest H, et al. (1993) PMID:8366024",False
r_0309,"{'r_0309': [0, 0]}",type_I,fresh_model_per_condition,False,1e-07,YGR155W,0.08590751899387893,optimal,,r_1883,,,,Yeast9,C:\Users\pc\Documents\auxoyeast\auxoyeast-v058-yeast9\results\model_cache\Yeast9.from_sbml.json,a0c2845382f586e2631455c9663dd0f7b161f63591dde29974464fe8f31d0742,excel:10,21012,C:\Users\pc\anaconda3\envs\auxoyeast-repro\python.exe,5.8003622174383604,optimal,glpk,180,0.0008590751899388004,-1000.0,240,1e-07,False,process_timeout_only_tight_feasibility,False,not_attempted,,120,primary,10,YGR155W,cysteine,1,W303,"Cherest H, et al. (1993) PMID:8366024",False
r_0476,"{'r_0476': [0, 0]}",correct,fresh_model_per_condition,True,1e-07,YPR035W,2.4267456587028165e-19,optimal,,r_1891,,,,Yeast9,C:\Users\pc\Documents\auxoyeast\auxoyeast-v058-yeast9\results\model_cache\Yeast9.from_sbml.json,a0c2845382f586e2631455c9663dd0f7b161f63591dde29974464fe8f31d0742,excel:11,18120,C:\Users\pc\anaconda3\envs\auxoyeast-repro\python.exe,10.050835713432098,optimal,glpk,180,0.0008590751899388004,-1000.0,240,1e-07,False,process_timeout_only_tight_feasibility,False,not_attempted,,120,primary,11,YPR035W,glutamine,1,Sigma1278b,Mitchell AP (1985) PMID:2865193,False
r_0225,"{'r_0225': [0, 0]}",correct,fresh_model_per_condition,True,1e-07,YER055C,0.0,optimal,,r_1893,,,,Yeast9,C:\Users\pc\Documents\auxoyeast\auxoyeast-v058-yeast9\results\model_cache\Yeast9.from_sbml.json,a0c2845382f586e2631455c9663dd0f7b161f63591dde29974464fe8f31d0742,excel:12,27316,C:\Users\pc\anaconda3\envs\auxoyeast-repro\python.exe,0.08664940715102491,optimal,glpk,180,0.0008590751899388004,-1000.0,240,1e-07,False,process_timeout_only_tight_feasibility,False,not_attempted,,120,primary,12,YER055C,histidine,1,Other,Korch CT (1973) PMID:17248619,False
r_0537,"{'r_0537': [0, 0]}",correct,fresh_model_per_condition,True,1e-07,YFR025C,-3.3593614912069575e-20,optimal,,r_1893,,,,Yeast9,C:\Users\pc\Documents\auxoyeast\auxoyeast-v058-yeast9\results\model_cache\Yeast9.from_sbml.json,a0c2845382f586e2631455c9663dd0f7b161f63591dde29974464fe8f31d0742,excel:13,26576,C:\Users\pc\anaconda3\envs\auxoyeast-repro\python.exe,0.08664940715102606,optimal,glpk,180,0.0008590751899388004,-1000.0,240,1e-07,False,process_timeout_only_tight_feasibility,False,not_attempted,,120,primary,13,YFR025C,histidine,1,Other,Gorman JA and Gorman J (1971) PMID:4329443,False
r_0564,"{'r_0564': [0, 0]}",correct,fresh_model_per_condition,True,1e-07,YOR202W,0.0,optimal,,r_1893,,,,Yeast9,C:\Users\pc\Documents\auxoyeast\auxoyeast-v058-yeast9\results\model_cache\Yeast9.from_sbml.json,a0c2845382f586e2631455c9663dd0f7b161f63591dde29974464fe8f31d0742,excel:14,3492,C:\Users\pc\anaconda3\envs\auxoyeast-repro\python.exe,0.08664940715102563,optimal,glpk,180,0.0008590751899388004,-1000.0,240,1e-07,False,process_timeout_only_tight_feasibility,False,not_attempted,,120,primary,14,YOR202W,histidine,1,Other,Scherer S and Davis RW (1979) PMID:388424,False
r_0536+r_0909+r_0910,"{'r_0536': [0, 0], 'r_0909': [0, 0], 'r_0910': [0, 0]}",correct,fresh_model_per_condition,True,1e-07,YCL030C,3.4261332259757185e-18,optimal,,r_1893,,,,Yeast9,C:\Users\pc\Documents\auxoyeast\auxoyeast-v058-yeast9\results\model_cache\Yeast9.from_sbml.json,a0c2845382f586e2631455c9663dd0f7b161f63591dde29974464fe8f31d0742,excel:15,17648,C:\Users\pc\anaconda3\envs\auxoyeast-repro\python.exe,0.08664940715102482,optimal,glpk,180,0.0008590751899388004,-1000.0,240,1e-07,False,process_timeout_only_tight_feasibility,False,not_attempted,,120,primary,15,YCL030C,histidine,1,S288C,"Hirschman JE, et al. (1988) PMID:2850465",False
r_0538,"{'r_0538': [0, 0]}",correct,fresh_model_per_condition,True,1e-07,YIL116W,0.0,optimal,,r_1893,,,,Yeast9,C:\Users\pc\Documents\auxoyeast\auxoyeast-v058-yeast9\results\model_cache\Yeast9.from_sbml.json,a0c2845382f586e2631455c9663dd0f7b161f63591dde29974464fe8f31d0742,excel:16,14892,C:\Users\pc\anaconda3\envs\auxoyeast-repro\python.exe,0.08664940715102584,optimal,glpk,180,0.0008590751899388004,-1000.0,240,1e-07,False,process_timeout_only_tight_feasibility,False,not_attempted,,120,primary,16,YIL116W,histidine,1,Other,"Harashima S, et al. (1981) PMID:7044894",False
r_0007,"{'r_0007': [0, 0]}",correct,fresh_model_per_condition,True,1e-07,YIL020C,0.0,optimal,,r_1893,,,,Yeast9,C:\Users\pc\Documents\auxoyeast\auxoyeast-v058-yeast9\results\model_cache\Yeast9.from_sbml.json,a0c2845382f586e2631455c9663dd0f7b161f63591dde29974464fe8f31d0742,excel:17,27308,C:\Users\pc\anaconda3\envs\auxoyeast-repro\python.exe,0.08664940715102491,optimal,glpk,180,0.0008590751899388004,-1000.0,240,1e-07,False,process_timeout_only_tight_feasibility,False,not_attempted,,120,primary,17,YIL020C,histidine,1,Other,"Fani R, et al. (1997) PMID:9332345",False
r_0563,"{'r_0563': [0, 0]}",correct,fresh_model_per_condition,True,1e-07,YBR248C,1.0650835897919325e-19,optimal,,r_1893,,,,Yeast9,C:\Users\pc\Documents\auxoyeast\auxoyeast-v058-yeast9\results\model_cache\Yeast9.from_sbml.json,a0c2845382f586e2631455c9663dd0f7b161f63591dde29974464fe8f31d0742,excel:18,21644,C:\Users\pc\anaconda3\envs\auxoyeast-repro\python.exe,0.08664940715102525,optimal,glpk,180,0.0008590751899388004,-1000.0,240,1e-07,False,process_timeout_only_tight_feasibility,False,not_attempted,,120,primary,18,YBR248C,histidine,1,Other,"Kuenzler M, et al. (1993) PMID:8366040",False
r_0693,"{'r_0693': [0, 0]}",type_I,fresh_model_per_condition,False,1e-07,YER086W,0.08590751899387851,optimal,,r_1897,,,,Yeast9,C:\Users\pc\Documents\auxoyeast\auxoyeast-v058-yeast9\results\model_cache\Yeast9.from_sbml.json,a0c2845382f586e2631455c9663dd0f7b161f63591dde29974464fe8f31d0742,excel:19,26944,C:\Users\pc\anaconda3\envs\auxoyeast-repro\python.exe,0.15638286867881618,optimal,glpk,180,0.0008590751899388004,-1000.0,240,1e-07,False,process_timeout_only_tight_feasibility,False,not_attempted,,120,primary,19,YER086W,isoleucine,1,Other,KAKAR SN and WAGNER RP (1964) PMID:14124940,False
r_0023+r_0060,"{'r_0023': [0, 0], 'r_0060': [0, 0]}",correct,fresh_model_per_condition,True,1e-07,YGL009C,-2.400996407896018e-32,optimal,,r_1899,,,,Yeast9,C:\Users\pc\Documents\auxoyeast\auxoyeast-v058-yeast9\results\model_cache\Yeast9.from_sbml.json,a0c2845382f586e2631455c9663dd0f7b161f63591dde29974464fe8f31d0742,excel:20,20816,C:\Users\pc\anaconda3\envs\auxoyeast-repro\python.exe,0.16154233474885066,optimal,glpk,180,0.0008590751899388004,-1000.0,240,1e-07,False,process_timeout_only_tight_feasibility,False,not_attempted,,120,primary,20,YGL009C,leucine,1,Other,Hawthorne DC and Mortimer RK (1960) PMID:17247984,False
r_0061,"{'r_0061': [0, 0]}",correct,fresh_model_per_condition,True,1e-07,YCL018W,1.3709408740992052e-31,optimal,,r_1899,,,,Yeast9,C:\Users\pc\Documents\auxoyeast\auxoyeast-v058-yeast9\results\model_cache\Yeast9.from_sbml.json,a0c2845382f586e2631455c9663dd0f7b161f63591dde29974464fe8f31d0742,excel:21,24888,C:\Users\pc\anaconda3\envs\auxoyeast-repro\python.exe,0.16154233474885096,optimal,glpk,180,0.0008590751899388004,-1000.0,240,1e-07,False,process_timeout_only_tight_feasibility,False,not_attempted,,120,primary,21,YCL018W,leucine,1,Other,"Toh-e A, et al. (1980) PMID:6243628",False
r_0988,"{'r_0988': [0, 0]}",correct,fresh_model_per_condition,True,1e-07,YIR034C,6.613566283861532e-32,optimal,,r_1900,,,,Yeast9,C:\Users\pc\Documents\auxoyeast\auxoyeast-v058-yeast9\results\model_cache\Yeast9.from_sbml.json,a0c2845382f586e2631455c9663dd0f7b161f63591dde29974464fe8f31d0742,excel:22,5932,C:\Users\pc\anaconda3\envs\auxoyeast-repro\python.exe,0.08927869080766586,optimal,glpk,180,0.0008590751899388004,-1000.0,240,1e-07,False,process_timeout_only_tight_feasibility,False,not_attempted,,120,primary,22,YIR034C,lysine,1,Other,Hawthorne DC and Mortimer RK (1960) PMID:17247984,False
r_0678,"{'r_0678': [0, 0]}",correct,fresh_model_per_condition,True,1e-07,YBR115C,6.613566283861532e-32,optimal,,r_1900,,,,Yeast9,C:\Users\pc\Documents\auxoyeast\auxoyeast-v058-yeast9\results\model_cache\Yeast9.from_sbml.json,a0c2845382f586e2631455c9663dd0f7b161f63591dde29974464fe8f31d0742,excel:23,5880,C:\Users\pc\anaconda3\envs\auxoyeast-repro\python.exe,0.08927870721662493,optimal,glpk,180,0.0008590751899388004,-1000.0,240,1e-07,False,process_timeout_only_tight_feasibility,False,not_attempted,,120,primary,23,YBR115C,lysine,1,Other,"Simchen G, et al. (1984) PMID:6326126",False
r_0678,"{'r_0678': [0, 0]}",correct,fresh_model_per_condition,True,1e-07,YGL154C,6.613566283861532e-32,optimal,,r_1900,,,,Yeast9,C:\Users\pc\Documents\auxoyeast\auxoyeast-v058-yeast9\results\model_cache\Yeast9.from_sbml.json,a0c2845382f586e2631455c9663dd0f7b161f63591dde29974464fe8f31d0742,excel:24,17656,C:\Users\pc\anaconda3\envs\auxoyeast-repro\python.exe,0.08927870721662493,optimal,glpk,180,0.0008590751899388004,-1000.0,240,1e-07,False,process_timeout_only_tight_feasibility,False,not_attempted,,120,primary,24,YGL154C,lysine,1,Other,Sinha AK and Bhattacharjee JK (1970) PMID:4998031,False
r_4270,"{'r_4270': [0, 0]}",type_I,fresh_model_per_condition,False,1e-07,YJR104C,0.08590754899640796,optimal,,r_1900,,,,Yeast9,C:\Users\pc\Documents\auxoyeast\auxoyeast-v058-yeast9\results\model_cache\Yeast9.from_sbml.json,a0c2845382f586e2631455c9663dd0f7b161f63591dde29974464fe8f31d0742,excel:25,15312,C:\Users\pc\anaconda3\envs\auxoyeast-repro\python.exe,0.08927869080766716,optimal,glpk,180,0.0008590751899388004,-1000.0,240,1e-07,False,process_timeout_only_tight_feasibility,False,not_attempted,,120,primary,25,YJR104C,lysine,1,Other,"Slekar KH, et al. (1996) PMID:8910528",False
r_1082,"{'r_1082': [0, 0]}",type_I,fresh_model_per_condition,False,1e-07,YKR069W,0.08590751899387881,optimal,,r_1902,,,,Yeast9,C:\Users\pc\Documents\auxoyeast\auxoyeast-v058-yeast9\results\model_cache\Yeast9.from_sbml.json,a0c2845382f586e2631455c9663dd0f7b161f63591dde29974464fe8f31d0742,excel:26,25808,C:\Users\pc\anaconda3\envs\auxoyeast-repro\python.exe,0.08900849963161196,optimal,glpk,180,0.0008590751899388004,-1000.0,240,1e-07,False,process_timeout_only_tight_feasibility,False,not_attempted,,120,primary,26,YKR069W,methionine,1,Other,Masselot M and De Robichon-Szulmajster H (1975) PMID:1101032,False
r_1027,"{'r_1027': [0, 0]}",correct,fresh_model_per_condition,True,1e-07,YFR030W,0.0,optimal,,r_1902,,,,Yeast9,C:\Users\pc\Documents\auxoyeast\auxoyeast-v058-yeast9\results\model_cache\Yeast9.from_sbml.json,a0c2845382f586e2631455c9663dd0f7b161f63591dde29974464fe8f31d0742,excel:27,17244,C:\Users\pc\anaconda3\envs\auxoyeast-repro\python.exe,0.08900855696906233,optimal,glpk,180,0.0008590751899388004,-1000.0,240,1e-07,False,process_timeout_only_tight_feasibility,False,not_attempted,,120,primary,27,YFR030W,methionine,1,Other,Masselot M and De Robichon-Szulmajster H (1975) PMID:1101032,False
r_0080,"{'r_0080': [0.0, 1000.0]}",type_I,fresh_model_per_condition,False,1e-07,YGL125W,0.08590751899387956,optimal,,r_1902,,,,Yeast9,C:\Users\pc\Documents\auxoyeast\auxoyeast-v058-yeast9\results\model_cache\Yeast9.from_sbml.json,a0c2845382f586e2631455c9663dd0f7b161f63591dde29974464fe8f31d0742,excel:28,5072,C:\Users\pc\anaconda3\envs\auxoyeast-repro\python.exe,0.08900849963161593,optimal,glpk,180,0.0008590751899388004,-1000.0,240,1e-07,False,process_timeout_only_tight_feasibility,False,not_attempted,,120,primary,28,YGL125W,methionine,1,Other,Masselot M and De Robichon-Szulmajster H (1975) PMID:1101032,False
r_0154,"{'r_0154': [0, 0]}",correct,fresh_model_per_condition,True,1e-07,YKL001C,-2.170738410205879e-18,optimal,,r_1902,,,,Yeast9,C:\Users\pc\Documents\auxoyeast\auxoyeast-v058-yeast9\results\model_cache\Yeast9.from_sbml.json,a0c2845382f586e2631455c9663dd0f7b161f63591dde29974464fe8f31d0742,excel:29,2588,C:\Users\pc\anaconda3\envs\auxoyeast-repro\python.exe,0.08900849963162234,optimal,glpk,180,0.0008590751899388004,-1000.0,240,1e-07,False,process_timeout_only_tight_feasibility,False,not_attempted,,120,primary,29,YKL001C,methionine,1,Other,Masselot M and De Robichon-Szulmajster H (1975) PMID:1101032,False
r_0883,"{'r_0883': [0, 0]}",correct,fresh_model_per_condition,True,1e-07,YPR167C,0.0,optimal,,r_1902,,,,Yeast9,C:\Users\pc\Documents\auxoyeast\auxoyeast-v058-yeast9\results\model_cache\Yeast9.from_sbml.json,a0c2845382f586e2631455c9663dd0f7b161f63591dde29974464fe8f31d0742,excel:30,21152,C:\Users\pc\anaconda3\envs\auxoyeast-repro\python.exe,0.08900849963161177,optimal,glpk,180,0.0008590751899388004,-1000.0,240,1e-07,False,process_timeout_only_tight_feasibility,False,not_attempted,,120,primary,30,YPR167C,methionine,1,S288C,"Villa-García MJ, et al. (2011) PMID:21136082",False
r_0312+r_0812+r_0813,"{'r_0312': [0, 0], 'r_0812': [0, 0], 'r_0813': [0, 0]}",type_I,fresh_model_per_condition,False,1e-07,YLR303W,0.08590751899387929,optimal,,r_1902,,,,Yeast9,C:\Users\pc\Documents\auxoyeast\auxoyeast-v058-yeast9\results\model_cache\Yeast9.from_sbml.json,a0c2845382f586e2631455c9663dd0f7b161f63591dde29974464fe8f31d0742,excel:31,12216,C:\Users\pc\anaconda3\envs\auxoyeast-repro\python.exe,0.08841515551861803,optimal,glpk,180,0.0008590751899388004,-1000.0,240,1e-07,False,process_timeout_only_tight_feasibility,False,not_attempted,,120,primary,31,YLR303W,methionine,1,Other,Singh A and Sherman F (1974) PMID:4364332,False
r_0549,"{'r_0549': [0, 0]}",type_II,fresh_model_per_condition,False,1e-07,YNL277W,0.0,optimal,,r_1902,,,,Yeast9,C:\Users\pc\Documents\auxoyeast\auxoyeast-v058-yeast9\results\model_cache\Yeast9.from_sbml.json,a0c2845382f586e2631455c9663dd0f7b161f63591dde29974464fe8f31d0742,excel:32,19068,C:\Users\pc\anaconda3\envs\auxoyeast-repro\python.exe,0.0,optimal,glpk,180,0.0008590751899388004,-1000.0,240,1e-07,False,process_timeout_only_tight_feasibility,False,not_attempted,,120,primary,32,YNL277W,methionine,1,Other,Singh A and Sherman F (1974) PMID:4364332,False
r_0032,"{'r_0032': [0, 0]}",type_I,fresh_model_per_condition,False,1e-07,YOL064C,0.08492679737338733,optimal,,r_1902,,,,Yeast9,C:\Users\pc\Documents\auxoyeast\auxoyeast-v058-yeast9\results\model_cache\Yeast9.from_sbml.json,a0c2845382f586e2631455c9663dd0f7b161f63591dde29974464fe8f31d0742,excel:33,5964,C:\Users\pc\anaconda3\envs\auxoyeast-repro\python.exe,0.08868177600704022,optimal,glpk,180,0.0008590751899388004,-1000.0,240,1e-07,False,process_timeout_only_tight_feasibility,False,not_attempted,,120,primary,33,YOL064C,methionine,1,Other,Masselot M and De Robichon-Szulmajster H (1975) PMID:1101032,False
r_1025,"{'r_1025': [0, 0]}",type_I,fresh_model_per_condition,False,1e-07,YJR010W,0.08590751899387956,optimal,,r_1902,,,,Yeast9,C:\Users\pc\Documents\auxoyeast\auxoyeast-v058-yeast9\results\model_cache\Yeast9.from_sbml.json,a0c2845382f586e2631455c9663dd0f7b161f63591dde29974464fe8f31d0742,excel:34,1100,C:\Users\pc\anaconda3\envs\auxoyeast-repro\python.exe,0.08900849963161593,optimal,glpk,180,0.0008590751899388004,-1000.0,240,1e-07,False,process_timeout_only_tight_feasibility,False,not_attempted,,120,primary,34,YJR010W,methionine,1,Other,Masselot M and De Robichon-Szulmajster H (1975) PMID:1101032,False
r_1027,"{'r_1027': [0, 0]}",correct,fresh_model_per_condition,True,1e-07,YJR137C,0.0,optimal,,r_1902,,,,Yeast9,C:\Users\pc\Documents\auxoyeast\auxoyeast-v058-yeast9\results\model_cache\Yeast9.from_sbml.json,a0c2845382f586e2631455c9663dd0f7b161f63591dde29974464fe8f31d0742,excel:35,2068,C:\Users\pc\anaconda3\envs\auxoyeast-repro\python.exe,0.08900855696906233,optimal,glpk,180,0.0008590751899388004,-1000.0,240,1e-07,False,process_timeout_only_tight_feasibility,False,not_attempted,,120,primary,35,YJR137C,methionine,1,Other,Masselot M and De Robichon-Szulmajster H (1975) PMID:1101032,False
r_0085+r_0727,"{'r_0085': [0, 0], 'r_0727': [0, 0]}",correct,fresh_model_per_condition,True,1e-07,YER091C,0.0,optimal,,r_1902,,,,Yeast9,C:\Users\pc\Documents\auxoyeast\auxoyeast-v058-yeast9\results\model_cache\Yeast9.from_sbml.json,a0c2845382f586e2631455c9663dd0f7b161f63591dde29974464fe8f31d0742,excel:36,24080,C:\Users\pc\anaconda3\envs\auxoyeast-repro\python.exe,0.08900849963161325,optimal,glpk,180,0.0008590751899388004,-1000.0,240,1e-07,False,process_timeout_only_tight_feasibility,False,not_attempted,,120,primary,36,YER091C,methionine,1,Other,Masselot M and De Robichon-Szulmajster H (1975) PMID:1101032,False
r_1031,"{'r_1031': [-1000.0, 1000.0]}",type_I,fresh_model_per_condition,False,1e-07,YOR241W,0.08590751899387956,optimal,,r_1902,,,,Yeast9,C:\Users\pc\Documents\auxoyeast\auxoyeast-v058-yeast9\results\model_cache\Yeast9.from_sbml.json,a0c2845382f586e2631455c9663dd0f7b161f63591dde29974464fe8f31d0742,excel:37,24448,C:\Users\pc\anaconda3\envs\auxoyeast-repro\python.exe,0.08900849963161593,optimal,glpk,180,0.0008590751899388004,-1000.0,240,1e-07,False,process_timeout_only_tight_feasibility,False,not_attempted,,120,primary,37,YOR241W,methionine,1,Other,Masselot M and De Robichon-Szulmajster H (1975) PMID:1101032,False
r_0998+r_0999,"{'r_0998': [0, 0], 'r_0999': [0, 0]}",type_I,fresh_model_per_condition,False,1e-07,YBR213W,0.08590751899387956,optimal,,r_1902,,,,Yeast9,C:\Users\pc\Documents\auxoyeast\auxoyeast-v058-yeast9\results\model_cache\Yeast9.from_sbml.json,a0c2845382f586e2631455c9663dd0f7b161f63591dde29974464fe8f31d0742,excel:38,7792,C:\Users\pc\anaconda3\envs\auxoyeast-repro\python.exe,0.0890084996316125,optimal,glpk,180,0.0008590751899388004,-1000.0,240,1e-07,False,process_timeout_only_tight_feasibility,False,not_attempted,,120,primary,38,YBR213W,methionine,1,Other,Masselot M and De Robichon-Szulmajster H (1975) PMID:1101032,False
r_4270,"{'r_4270': [0, 0]}",type_I,fresh_model_per_condition,False,1e-07,YJR104C,0.08590754899640796,optimal,,r_1902,,,,Yeast9,C:\Users\pc\Documents\auxoyeast\auxoyeast-v058-yeast9\results\model_cache\Yeast9.from_sbml.json,a0c2845382f586e2631455c9663dd0f7b161f63591dde29974464fe8f31d0742,excel:39,19220,C:\Users\pc\anaconda3\envs\auxoyeast-repro\python.exe,0.0890084996316057,optimal,glpk,180,0.0008590751899388004,-1000.0,240,1e-07,False,process_timeout_only_tight_feasibility,False,not_attempted,,120,primary,39,YJR104C,methionine,1,Other,"Slekar KH, et al. (1996) PMID:8910528",False
r_0466,"{'r_0466': [0, 0]}",type_I,fresh_model_per_condition,False,1e-07,YNL241C,0.08585186689306083,optimal,,r_1902,,,,Yeast9,C:\Users\pc\Documents\auxoyeast\auxoyeast-v058-yeast9\results\model_cache\Yeast9.from_sbml.json,a0c2845382f586e2631455c9663dd0f7b161f63591dde29974464fe8f31d0742,excel:40,16552,C:\Users\pc\anaconda3\envs\auxoyeast-repro\python.exe,0.08900851592030491,optimal,glpk,180,0.0008590751899388004,-1000.0,240,1e-07,False,process_timeout_only_tight_feasibility,False,not_attempted,,120,primary,40,YNL241C,methionine,1,Other,Masselot M and De Robichon-Szulmajster H (1975) PMID:1101032,False
r_0687+r_0957+r_4760,"{'r_0687': [0, 0], 'r_0957': [0, 0], 'r_4760': [0, 0]}",correct,fresh_model_per_condition,True,1e-07,YER023W,-4.412515997631497e-18,optimal,,r_1904,,,,Yeast9,C:\Users\pc\Documents\auxoyeast\auxoyeast-v058-yeast9\results\model_cache\Yeast9.from_sbml.json,a0c2845382f586e2631455c9663dd0f7b161f63591dde29974464fe8f31d0742,excel:41,21256,C:\Users\pc\anaconda3\envs\auxoyeast-repro\python.exe,7.514106827001687,optimal,glpk,180,0.0008590751899388004,-1000.0,240,1e-07,False,process_timeout_only_tight_feasibility,False,not_attempted,,120,primary,41,YER023W,proline,1,Other,Tomenchok DM and Brandriss MC (1987) PMID:2824433,False
r_0918,"{'r_0918': [0, 0]}",type_I,fresh_model_per_condition,False,1e-07,YOR184W,0.08570477972492901,optimal,,r_1906,,,,Yeast9,C:\Users\pc\Documents\auxoyeast\auxoyeast-v058-yeast9\results\model_cache\Yeast9.from_sbml.json,a0c2845382f586e2631455c9663dd0f7b161f63591dde29974464fe8f31d0742,excel:42,16244,C:\Users\pc\anaconda3\envs\auxoyeast-repro\python.exe,8.48457903797546,optimal,glpk,180,0.0008590751899388004,-1000.0,240,1e-07,False,process_timeout_only_tight_feasibility,False,not_attempted,,120,primary,42,YOR184W,serine,1,Other,Ulane R and Ogur M (1972) PMID:4333378,False
r_0917,"{'r_0917': [0, 0]}",type_I,fresh_model_per_condition,False,1e-07,YGR208W,0.08570477972492885,optimal,,r_1906,,,,Yeast9,C:\Users\pc\Documents\auxoyeast\auxoyeast-v058-yeast9\results\model_cache\Yeast9.from_sbml.json,a0c2845382f586e2631455c9663dd0f7b161f63591dde29974464fe8f31d0742,excel:43,8416,C:\Users\pc\anaconda3\envs\auxoyeast-repro\python.exe,8.484579037975294,optimal,glpk,180,0.0008590751899388004,-1000.0,240,1e-07,False,process_timeout_only_tight_feasibility,False,not_attempted,,120,primary,43,YGR208W,serine,1,Other,Ulane R and Ogur M (1972) PMID:4333378,False
r_0548,"{'r_0548': [0, 0]}",correct,fresh_model_per_condition,True,1e-07,YHR025W,0.0,optimal,,r_1911,,,,Yeast9,C:\Users\pc\Documents\auxoyeast\auxoyeast-v058-yeast9\results\model_cache\Yeast9.from_sbml.json,a0c2845382f586e2631455c9663dd0f7b161f63591dde29974464fe8f31d0742,excel:44,24276,C:\Users\pc\anaconda3\envs\auxoyeast-repro\python.exe,9.907621449564813,optimal,glpk,180,0.0008590751899388004,-1000.0,240,1e-07,False,process_timeout_only_tight_feasibility,False,not_attempted,,120,primary,44,YHR025W,threonine,1,Other,Kingsbury JM and McCusker JH (2010) PMID:20305002,False
r_0069+r_1041,"{'r_0069': [0, 0], 'r_1041': [0, 0]}",correct,fresh_model_per_condition,True,1e-07,YCR053W,0.0,optimal,,r_1911,,,,Yeast9,C:\Users\pc\Documents\auxoyeast\auxoyeast-v058-yeast9\results\model_cache\Yeast9.from_sbml.json,a0c2845382f586e2631455c9663dd0f7b161f63591dde29974464fe8f31d0742,excel:45,12120,C:\Users\pc\anaconda3\envs\auxoyeast-repro\python.exe,9.907621449565212,optimal,glpk,180,0.0008590751899388004,-1000.0,240,1e-07,False,process_timeout_only_tight_feasibility,False,not_attempted,,120,primary,45,YCR053W,threonine,1,S288C,"Mortimer R, et al. (1957)",False
r_0913,"{'r_0913': [0, 0]}",correct,fresh_model_per_condition,True,1e-07,YDR007W,-8.404742352242763e-31,optimal,,r_1912,,,,Yeast9,C:\Users\pc\Documents\auxoyeast\auxoyeast-v058-yeast9\results\model_cache\Yeast9.from_sbml.json,a0c2845382f586e2631455c9663dd0f7b161f63591dde29974464fe8f31d0742,excel:46,5524,C:\Users\pc\anaconda3\envs\auxoyeast-repro\python.exe,0.15293963709017044,optimal,glpk,180,0.0008590751899388004,-1000.0,240,1e-07,False,process_timeout_only_tight_feasibility,False,not_attempted,,120,primary,46,YDR007W,tryptophan,1,X2180-1A,"Miozzari G, et al. (1978) PMID:348687",False
r_0203,"{'r_0203': [0, 0]}",correct,fresh_model_per_condition,True,1e-07,YER090W,-8.404742352242763e-31,optimal,,r_1912,,,,Yeast9,C:\Users\pc\Documents\auxoyeast\auxoyeast-v058-yeast9\results\model_cache\Yeast9.from_sbml.json,a0c2845382f586e2631455c9663dd0f7b161f63591dde29974464fe8f31d0742,excel:47,12348,C:\Users\pc\anaconda3\envs\auxoyeast-repro\python.exe,0.1529396370901734,optimal,glpk,180,0.0008590751899388004,-1000.0,240,1e-07,False,process_timeout_only_tight_feasibility,False,not_attempted,,120,primary,47,YER090W,tryptophan,1,X2180-1A,"Miozzari G, et al. (1978) PMID:348687",False
r_0203+r_0566,"{'r_0203': [0, 0], 'r_0566': [0, 0]}",correct,fresh_model_per_condition,True,1e-07,YKL211C,-8.404742352242763e-31,optimal,,r_1912,,,,Yeast9,C:\Users\pc\Documents\auxoyeast\auxoyeast-v058-yeast9\results\model_cache\Yeast9.from_sbml.json,a0c2845382f586e2631455c9663dd0f7b161f63591dde29974464fe8f31d0742,excel:48,21868,C:\Users\pc\anaconda3\envs\auxoyeast-repro\python.exe,0.15293963709017117,optimal,glpk,180,0.0008590751899388004,-1000.0,240,1e-07,False,process_timeout_only_tight_feasibility,False,not_attempted,,120,primary,48,YKL211C,tryptophan,1,X2180-1A,"Miozzari G, et al. (1978) PMID:348687",False
r_0202,"{'r_0202': [0, 0]}",correct,fresh_model_per_condition,True,1e-07,YDR354W,-8.404742352242763e-31,optimal,,r_1912,,,,Yeast9,C:\Users\pc\Documents\auxoyeast\auxoyeast-v058-yeast9\results\model_cache\Yeast9.from_sbml.json,a0c2845382f586e2631455c9663dd0f7b161f63591dde29974464fe8f31d0742,excel:49,24948,C:\Users\pc\anaconda3\envs\auxoyeast-repro\python.exe,0.15293963709017125,optimal,glpk,180,0.0008590751899388004,-1000.0,240,1e-07,False,process_timeout_only_tight_feasibility,False,not_attempted,,120,primary,49,YDR354W,tryptophan,1,S288C,"Villa-García MJ, et al. (2011) PMID:21136082",False
r_1055,"{'r_1055': [0, 0]}",correct,fresh_model_per_condition,True,1e-07,YGL026C,6.826097375067134e-19,optimal,,r_1912,,,,Yeast9,C:\Users\pc\Documents\auxoyeast\auxoyeast-v058-yeast9\results\model_cache\Yeast9.from_sbml.json,a0c2845382f586e2631455c9663dd0f7b161f63591dde29974464fe8f31d0742,excel:50,23956,C:\Users\pc\anaconda3\envs\auxoyeast-repro\python.exe,0.15293963709017241,optimal,glpk,180,0.0008590751899388004,-1000.0,240,1e-07,False,process_timeout_only_tight_feasibility,False,not_attempted,,120,primary,50,YGL026C,tryptophan,1,X2180-1A,"Miozzari G, et al. (1978) PMID:348687",False
r_0572+r_0573+r_0574+r_0575,"{'r_0572': [0, 0], 'r_0573': [0, 0], 'r_0574': [0, 0], 'r_0575': [0, 0]}",type_I,fresh_model_per_condition,False,1e-07,YDR173C,0.08590751899387972,optimal,,r_1987,,,,Yeast9,C:\Users\pc\Documents\auxoyeast\auxoyeast-v058-yeast9\results\model_cache\Yeast9.from_sbml.json,a0c2845382f586e2631455c9663dd0f7b161f63591dde29974464fe8f31d0742,excel:51,16948,C:\Users\pc\anaconda3\envs\auxoyeast-repro\python.exe,6.6561167998832875,optimal,glpk,180,0.0008590751899388004,-1000.0,240,1e-07,False,process_timeout_only_tight_feasibility,False,not_attempted,,120,primary,51,YDR173C,ornithine,1,Sigma1278b,"Bechet J, et al. (1970) PMID:5434281",False
r_3082+r_3083+r_3084+r_3085+r_3086+r_3087+r_3088+r_3089+r_3090+r_3091+r_3092+r_3093+r_3094+r_3095+r_3096+r_3097,"{'r_3082': [0, 0], 'r_3083': [0, 0], 'r_3084': [0, 0], 'r_3085': [0, 0], 'r_3086': [0, 0], 'r_3087': [0, 0], 'r_3088': [0, 0], 'r_3089': [0, 0], 'r_3090': [0, 0], 'r_3091': [0, 0], 'r_3092': [0, 0], 'r_3093': [0, 0], 'r_3094': [0, 0], 'r_3095': [0, 0], 'r_3096': [0, 0], 'r_3097': [0, 0]}",type_I,fresh_model_per_condition,False,1e-07,YPL268W,0.08590751899387812,optimal,,r_1987,,,,Yeast9,C:\Users\pc\Documents\auxoyeast\auxoyeast-v058-yeast9\results\model_cache\Yeast9.from_sbml.json,a0c2845382f586e2631455c9663dd0f7b161f63591dde29974464fe8f31d0742,excel:52,24268,C:\Users\pc\anaconda3\envs\auxoyeast-repro\python.exe,6.656116799883234,optimal,glpk,180,0.0008590751899388004,-1000.0,240,1e-07,False,process_timeout_only_tight_feasibility,False,not_attempted,,120,primary,52,YPL268W,ornithine,1,Other,"Odom AR, et al. (2000) PMID:10720331",False
r_0918,"{'r_0918': [0, 0]}",type_I,fresh_model_per_condition,False,1e-07,YOR184W,0.08570477972492901,optimal,,r_1906,,,,Yeast9,C:\Users\pc\Documents\auxoyeast\auxoyeast-v058-yeast9\results\model_cache\Yeast9.from_sbml.json,a0c2845382f586e2631455c9663dd0f7b161f63591dde29974464fe8f31d0742,excel:53,24700,C:\Users\pc\anaconda3\envs\auxoyeast-repro\python.exe,8.48457903797546,optimal,glpk,180,0.0008590751899388004,-1000.0,240,1e-07,False,process_timeout_only_tight_feasibility,False,not_attempted,,120,primary,53,YOR184W,serine,1,Other,Ulane R and Ogur M (1972) PMID:4333378,False
r_0917,"{'r_0917': [0, 0]}",type_I,fresh_model_per_condition,False,1e-07,YGR208W,0.08570477972492885,optimal,,r_1906,,,,Yeast9,C:\Users\pc\Documents\auxoyeast\auxoyeast-v058-yeast9\results\model_cache\Yeast9.from_sbml.json,a0c2845382f586e2631455c9663dd0f7b161f63591dde29974464fe8f31d0742,excel:54,5208,C:\Users\pc\anaconda3\envs\auxoyeast-repro\python.exe,8.484579037975294,optimal,glpk,180,0.0008590751899388004,-1000.0,240,1e-07,False,process_timeout_only_tight_feasibility,False,not_attempted,,120,primary,54,YGR208W,serine,1,Other,Ulane R and Ogur M (1972) PMID:4333378,False
r_0219,"{'r_0219': [0, 0]}",correct,fresh_model_per_condition,True,1e-07,YDR158W,0.0,optimal,,r_1896,,,,Yeast9,C:\Users\pc\Documents\auxoyeast\auxoyeast-v058-yeast9\results\model_cache\Yeast9.from_sbml.json,a0c2845382f586e2631455c9663dd0f7b161f63591dde29974464fe8f31d0742,excel:55,24320,C:\Users\pc\anaconda3\envs\auxoyeast-repro\python.exe,5.8045974243260146,optimal,glpk,180,0.0008590751899388004,-1000.0,240,1e-07,False,process_timeout_only_tight_feasibility,False,not_attempted,,120,primary,55,YDR158W,homoserine,1,Other,"Robichon-Szulmajster H, et al. (1966) PMID:4380684",False
r_0215,"{'r_0215': [0, 0]}",correct,fresh_model_per_condition,True,1e-07,YER052C,0.0,optimal,,r_1896,,,,Yeast9,C:\Users\pc\Documents\auxoyeast\auxoyeast-v058-yeast9\results\model_cache\Yeast9.from_sbml.json,a0c2845382f586e2631455c9663dd0f7b161f63591dde29974464fe8f31d0742,excel:56,26232,C:\Users\pc\anaconda3\envs\auxoyeast-repro\python.exe,5.804597424325896,optimal,glpk,180,0.0008590751899388004,-1000.0,240,1e-07,False,process_timeout_only_tight_feasibility,False,not_attempted,,120,primary,56,YER052C,homoserine,1,Other,"Delgado MA, et al. (1982) PMID:6821505",False
r_0546+r_0547,"{'r_0546': [0, 0], 'r_0547': [0, 0]}",correct,fresh_model_per_condition,True,1e-07,YJR139C,0.0,optimal,,r_1896,,,,Yeast9,C:\Users\pc\Documents\auxoyeast\auxoyeast-v058-yeast9\results\model_cache\Yeast9.from_sbml.json,a0c2845382f586e2631455c9663dd0f7b161f63591dde29974464fe8f31d0742,excel:57,20328,C:\Users\pc\anaconda3\envs\auxoyeast-repro\python.exe,5.8045974243260545,optimal,glpk,180,0.0008590751899388004,-1000.0,240,1e-07,False,process_timeout_only_tight_feasibility,False,not_attempted,,120,primary,57,YJR139C,homoserine,1,Other,"Robichon-Szulmajster H, et al. (1966) PMID:4380684",False
r_0250,"{'r_0250': [0, 0]}",correct,fresh_model_per_condition,True,1e-07,YOR303W,1.2115242938631016e-17,optimal,r_2090,r_1879,,,,Yeast9,C:\Users\pc\Documents\auxoyeast\auxoyeast-v058-yeast9\results\model_cache\Yeast9.from_sbml.json,a0c2845382f586e2631455c9663dd0f7b161f63591dde29974464fe8f31d0742,excel:58,9152,C:\Users\pc\anaconda3\envs\auxoyeast-repro\python.exe,9.986781792071026,optimal,glpk,180,0.0008590751899388004,-1000.0,240,1e-07,False,process_timeout_only_tight_feasibility,False,not_attempted,,120,primary,58,YOR303W,arginine add uracil,1,Other,"Lacroute F, et al. (1965) PMID:5856369",True
r_0250,"{'r_0250': [0, 0]}",correct,fresh_model_per_condition,True,1e-07,YJR109C,1.2115242938631016e-17,optimal,r_2090,r_1879,,,,Yeast9,C:\Users\pc\Documents\auxoyeast\auxoyeast-v058-yeast9\results\model_cache\Yeast9.from_sbml.json,a0c2845382f586e2631455c9663dd0f7b161f63591dde29974464fe8f31d0742,excel:59,14920,C:\Users\pc\anaconda3\envs\auxoyeast-repro\python.exe,9.986781792071026,optimal,glpk,180,0.0008590751899388004,-1000.0,240,1e-07,False,process_timeout_only_tight_feasibility,False,not_attempted,,120,primary,59,YJR109C,arginine add uracil,1,Other,Lim AL and Powers-Lee SG (1996) PMID:8626695,True
r_0039+r_0040+r_0065+r_0996+r_0997,"{'r_0039': [0, 0], 'r_0040': [0, 0], 'r_0065': [0, 0], 'r_0996': [0, 0], 'r_0997': [0, 0]}",correct,fresh_model_per_condition,True,1e-07,YDR127W,-4.323012446779008e-18,optimal,r_1625,r_1913+r_1903+r_1912,,,,Yeast9,C:\Users\pc\Documents\auxoyeast\auxoyeast-v058-yeast9\results\model_cache\Yeast9.from_sbml.json,a0c2845382f586e2631455c9663dd0f7b161f63591dde29974464fe8f31d0742,excel:60,18116,C:\Users\pc\anaconda3\envs\auxoyeast-repro\python.exe,7.855589025753992,optimal,glpk,180,0.0008590751899388004,-1000.0,240,1e-07,False,process_timeout_only_tight_feasibility,False,not_attempted,,120,primary,60,YDR127W,aromatic amino acid add folinic acid,1,Other,"Lucchini G, et al. (1978) PMID:361708",True
r_0279,"{'r_0279': [0, 0]}",correct,fresh_model_per_condition,True,1e-07,YGL148W,9.152528018218073e-17,optimal,r_1625,r_1913+r_1903+r_1912,,,,Yeast9,C:\Users\pc\Documents\auxoyeast\auxoyeast-v058-yeast9\results\model_cache\Yeast9.from_sbml.json,a0c2845382f586e2631455c9663dd0f7b161f63591dde29974464fe8f31d0742,excel:61,20580,C:\Users\pc\anaconda3\envs\auxoyeast-repro\python.exe,7.855589025754042,optimal,glpk,180,0.0008590751899388004,-1000.0,240,1e-07,False,process_timeout_only_tight_feasibility,False,not_attempted,,120,primary,61,YGL148W,aromatic amino acid add folinic acid,1,Other,"Lucchini G, et al. (1978) PMID:361708",True
r_0278,"{'r_0278': [0, 0]}",correct,fresh_model_per_condition,True,1e-07,YPR060C,0.0,optimal,,r_1913+r_1903,,,,Yeast9,C:\Users\pc\Documents\auxoyeast\auxoyeast-v058-yeast9\results\model_cache\Yeast9.from_sbml.json,a0c2845382f586e2631455c9663dd0f7b161f63591dde29974464fe8f31d0742,excel:62,13484,C:\Users\pc\anaconda3\envs\auxoyeast-repro\python.exe,7.80816815628762,optimal,glpk,180,0.0008590751899388004,-1000.0,240,1e-07,False,process_timeout_only_tight_feasibility,False,not_attempted,,120,primary,62,YPR060C,"tyrosine, phenylalanine",1,Other,"Tang Y, et al. (1991) PMID:1924339",False
r_0026+r_0664+r_0700+r_1088,"{'r_0026': [0.0, 1000.0], 'r_0664': [0, 0], 'r_0700': [0, 0], 'r_1088': [0, 0]}",correct,fresh_model_per_condition,True,1e-07,YHR208W,-1.033143767588951e-48,optimal,,r_1914+r_1899,,,,Yeast9,C:\Users\pc\Documents\auxoyeast\auxoyeast-v058-yeast9\results\model_cache\Yeast9.from_sbml.json,a0c2845382f586e2631455c9663dd0f7b161f63591dde29974464fe8f31d0742,excel:63,2812,C:\Users\pc\anaconda3\envs\auxoyeast-repro\python.exe,0.16988346206134863,optimal,glpk,180,0.0008590751899388004,-1000.0,240,1e-07,False,process_timeout_only_tight_feasibility,False,not_attempted,,120,primary,63,YHR208W,"valine,leucine",1,S288C,"Kispal G, et al. (1996) PMID:8798704",False
r_0016+r_0097,"{'r_0016': [0, 0], 'r_0097': [0, 0]}",correct,fresh_model_per_condition,True,1e-07,YMR108W,-1.0671735635118155e-18,optimal,,r_1914+r_1897,,,,Yeast9,C:\Users\pc\Documents\auxoyeast\auxoyeast-v058-yeast9\results\model_cache\Yeast9.from_sbml.json,a0c2845382f586e2631455c9663dd0f7b161f63591dde29974464fe8f31d0742,excel:64,3128,C:\Users\pc\anaconda3\envs\auxoyeast-repro\python.exe,0.17391409520665238,optimal,glpk,180,0.0008590751899388004,-1000.0,240,1e-07,False,process_timeout_only_tight_feasibility,False,not_attempted,,120,primary,64,YMR108W,"valine,isoleucine",1,Other,KAKAR SN and WAGNER RP (1964) PMID:14124940,False
r_0352+r_0353,"{'r_0352': [0, 0], 'r_0353': [0, 0]}",correct,fresh_model_per_condition,True,1e-07,YJR016C,2.1335162509757097e-31,optimal,,r_1914+r_1897,,,,Yeast9,C:\Users\pc\Documents\auxoyeast\auxoyeast-v058-yeast9\results\model_cache\Yeast9.from_sbml.json,a0c2845382f586e2631455c9663dd0f7b161f63591dde29974464fe8f31d0742,excel:65,24844,C:\Users\pc\anaconda3\envs\auxoyeast-repro\python.exe,0.17391409520665702,optimal,glpk,180,0.0008590751899388004,-1000.0,240,1e-07,False,process_timeout_only_tight_feasibility,False,not_attempted,,120,primary,65,YJR016C,"valine,isoleucine",1,Other,KAKAR SN and WAGNER RP (1964) PMID:14124940,False
r_0096+r_0669,"{'r_0096': [0, 0], 'r_0669': [0, 0]}",correct,fresh_model_per_condition,True,1e-07,YLR355C,-8.005662553360845e-34,optimal,,r_1914+r_1897,,,,Yeast9,C:\Users\pc\Documents\auxoyeast\auxoyeast-v058-yeast9\results\model_cache\Yeast9.from_sbml.json,a0c2845382f586e2631455c9663dd0f7b161f63591dde29974464fe8f31d0742,excel:66,3564,C:\Users\pc\anaconda3\envs\auxoyeast-repro\python.exe,0.1739140952066532,optimal,glpk,180,0.0008590751899388004,-1000.0,240,1e-07,False,process_timeout_only_tight_feasibility,False,not_attempted,,120,primary,66,YLR355C,"valine,isoleucine",1,Other,KAKAR SN and WAGNER RP (1964) PMID:14124940,False
r_0446+r_0725+r_0732,"{'r_0446': [0, 0], 'r_0725': [0, 0], 'r_0732': [0, 0]}",type_II,fresh_model_per_condition,False,1e-07,YGR204W,-1.4696852999942512e-35,optimal,,r_1893+r_1639,,,,Yeast9,C:\Users\pc\Documents\auxoyeast\auxoyeast-v058-yeast9\results\model_cache\Yeast9.from_sbml.json,a0c2845382f586e2631455c9663dd0f7b161f63591dde29974464fe8f31d0742,excel:67,21380,C:\Users\pc\anaconda3\envs\auxoyeast-repro\python.exe,0.0,optimal,glpk,180,0.0008590751899388004,-1000.0,240,1e-07,False,process_timeout_only_tight_feasibility,False,not_attempted,,120,primary,67,YGR204W,"histidine, adenine",1,Other,McKenzie KQ and Jones EW (1977) PMID:328341,False
r_0219,"{'r_0219': [0, 0]}",type_II,fresh_model_per_condition,False,1e-07,YDR158W,0.0,optimal,,r_1902+r_1911,,,,Yeast9,C:\Users\pc\Documents\auxoyeast\auxoyeast-v058-yeast9\results\model_cache\Yeast9.from_sbml.json,a0c2845382f586e2631455c9663dd0f7b161f63591dde29974464fe8f31d0742,excel:68,24600,C:\Users\pc\anaconda3\envs\auxoyeast-repro\python.exe,0.0,optimal,glpk,180,0.0008590751899388004,-1000.0,240,1e-07,False,process_timeout_only_tight_feasibility,False,not_attempted,,120,primary,68,YDR158W,"methionine, threonine",1,Other,"Robichon-Szulmajster H, et al. (1966) PMID:4380684",False
r_0215,"{'r_0215': [0, 0]}",type_II,fresh_model_per_condition,False,1e-07,YER052C,0.0,optimal,,r_1902+r_1911,,,,Yeast9,C:\Users\pc\Documents\auxoyeast\auxoyeast-v058-yeast9\results\model_cache\Yeast9.from_sbml.json,a0c2845382f586e2631455c9663dd0f7b161f63591dde29974464fe8f31d0742,excel:69,5768,C:\Users\pc\anaconda3\envs\auxoyeast-repro\python.exe,0.0,optimal,glpk,180,0.0008590751899388004,-1000.0,240,1e-07,False,process_timeout_only_tight_feasibility,False,not_attempted,,120,primary,69,YER052C,"methionine, threonine",1,Other,"Delgado MA, et al. (1982) PMID:6821505",False
r_0546+r_0547,"{'r_0546': [0, 0], 'r_0547': [0, 0]}",type_II,fresh_model_per_condition,False,1e-07,YJR139C,0.0,optimal,,r_1902+r_1911,,,,Yeast9,C:\Users\pc\Documents\auxoyeast\auxoyeast-v058-yeast9\results\model_cache\Yeast9.from_sbml.json,a0c2845382f586e2631455c9663dd0f7b161f63591dde29974464fe8f31d0742,excel:70,2080,C:\Users\pc\anaconda3\envs\auxoyeast-repro\python.exe,0.0,optimal,glpk,180,0.0008590751899388004,-1000.0,240,1e-07,False,process_timeout_only_tight_feasibility,False,not_attempted,,120,primary,70,YJR139C,"methionine, threonine",1,Other,"Robichon-Szulmajster H, et al. (1966) PMID:4380684",False
r_0344+r_0345,"{'r_0344': [0, 0], 'r_0345': [0, 0]}",type_II,fresh_model_per_condition,False,1e-07,YOR236W,0.0,optimal,r_1625,r_1639+r_1893+r_1902,,,,Yeast9,C:\Users\pc\Documents\auxoyeast\auxoyeast-v058-yeast9\results\model_cache\Yeast9.from_sbml.json,a0c2845382f586e2631455c9663dd0f7b161f63591dde29974464fe8f31d0742,excel:71,13236,C:\Users\pc\anaconda3\envs\auxoyeast-repro\python.exe,0.0,optimal,glpk,180,0.0008590751899388004,-1000.0,240,1e-07,False,process_timeout_only_tight_feasibility,False,not_attempted,,120,primary,71,YOR236W,"adenine, histidine, methionine add folinic acid",1,Other,"Huang T, et al. (1992) PMID:1427091",True
r_1049+r_1050,"{'r_1049': [0, 0], 'r_1050': [0, 0]}",correct,fresh_model_per_condition,True,1e-07,YPR074C+YBR117C,1.0438350823068264e-18,optimal,r_1625,r_1913+r_1903+r_1912,,,,Yeast9,C:\Users\pc\Documents\auxoyeast\auxoyeast-v058-yeast9\results\model_cache\Yeast9.from_sbml.json,a0c2845382f586e2631455c9663dd0f7b161f63591dde29974464fe8f31d0742,excel:72,21500,C:\Users\pc\anaconda3\envs\auxoyeast-repro\python.exe,7.8414681208561285,optimal,glpk,180,0.0008590751899388004,-1000.0,240,1e-07,False,process_timeout_only_tight_feasibility,False,not_attempted,,120,primary,72,YPR074C and YBR117C,aromatic amino acid add folinic acid,2,W303,"Sundström M, et al. (1993) PMID:8226984",True
r_0543+r_1838,"{'r_0543': [0, 0], 'r_1838': [0, 0]}",correct,fresh_model_per_condition,True,1e-07,YDL131W+YDL182W,2.6225554261716213e-31,optimal,,r_1900,,,,Yeast9,C:\Users\pc\Documents\auxoyeast\auxoyeast-v058-yeast9\results\model_cache\Yeast9.from_sbml.json,a0c2845382f586e2631455c9663dd0f7b161f63591dde29974464fe8f31d0742,excel:73,17240,C:\Users\pc\anaconda3\envs\auxoyeast-repro\python.exe,0.08927870721662493,optimal,glpk,180,0.0008590751899388004,-1000.0,240,1e-07,False,process_timeout_only_tight_feasibility,False,not_attempted,,120,primary,73,YDL131W and YDL182W,lysine,2,Other,"Quezada H, et al. (2008) PMID:18524920",False
r_0024+r_0025,"{'r_0024': [0, 0], 'r_0025': [0, 0]}",correct,fresh_model_per_condition,True,1e-07,YNL104C+YOR108W,1.3709408740992052e-31,optimal,,r_1899,,,,Yeast9,C:\Users\pc\Documents\auxoyeast\auxoyeast-v058-yeast9\results\model_cache\Yeast9.from_sbml.json,a0c2845382f586e2631455c9663dd0f7b161f63591dde29974464fe8f31d0742,excel:74,25404,C:\Users\pc\anaconda3\envs\auxoyeast-repro\python.exe,0.16154233474885044,optimal,glpk,180,0.0008590751899388004,-1000.0,240,1e-07,False,process_timeout_only_tight_feasibility,False,not_attempted,,120,primary,74,YNL104C and YOR108W,leucine,2,S288C,"Casalone E, et al. (2000) PMID:10790691",False
r_0334+r_1736,"{'r_0334': [0, 0], 'r_1736': [0, 0]}",type_II,fresh_model_per_condition,False,1e-07,YDR196C,0.0,optimal,,r_1548,,,,Yeast9,C:\Users\pc\Documents\auxoyeast\auxoyeast-v058-yeast9\results\model_cache\Yeast9.from_sbml.json,a0c2845382f586e2631455c9663dd0f7b161f63591dde29974464fe8f31d0742,excel:75,15640,C:\Users\pc\anaconda3\envs\auxoyeast-repro\python.exe,0.0,optimal,glpk,180,0.0008590751899388004,-1000.0,240,1e-07,False,process_timeout_only_tight_feasibility,False,not_attempted,,120,primary,75,YDR196C,pantothenate,1,W303,"Dusi S, et al. (2014) PMID:24360804",False
r_0063,"{'r_0063': [0, 0]}",correct,fresh_model_per_condition,True,1e-07,YBR176W,-9.575844248413162e-29,optimal,,r_1548,,,,Yeast9,C:\Users\pc\Documents\auxoyeast\auxoyeast-v058-yeast9\results\model_cache\Yeast9.from_sbml.json,a0c2845382f586e2631455c9663dd0f7b161f63591dde29974464fe8f31d0742,excel:76,24840,C:\Users\pc\anaconda3\envs\auxoyeast-repro\python.exe,0.08591081396679216,optimal,glpk,180,0.0008590751899388004,-1000.0,240,1e-07,False,process_timeout_only_tight_feasibility,False,not_attempted,,120,primary,76,YBR176W,pantothenate,1,S288C,"White WH, et al. (2001) PMID:11154694",False
r_0843,"{'r_0843': [0, 0]}",correct,fresh_model_per_condition,True,1e-07,YIL145C,-9.575844248413162e-29,optimal,,r_1548,,,,Yeast9,C:\Users\pc\Documents\auxoyeast\auxoyeast-v058-yeast9\results\model_cache\Yeast9.from_sbml.json,a0c2845382f586e2631455c9663dd0f7b161f63591dde29974464fe8f31d0742,excel:77,23704,C:\Users\pc\anaconda3\envs\auxoyeast-repro\python.exe,0.08591081396679216,optimal,glpk,180,0.0008590751899388004,-1000.0,240,1e-07,False,process_timeout_only_tight_feasibility,False,not_attempted,,120,primary,77,YIL145C,pantothenate,1,Other,"Olzhausen J, et al. (2009) PMID:19266201",False
r_0172+r_0185+r_2116+r_4678,"{'r_0172': [0.0, 1000.0], 'r_0185': [0.0, 1000.0], 'r_2116': [0.0, 1000.0], 'r_4678': [-1000.0, 1000.0]}",type_I,fresh_model_per_condition,False,1e-07,YMR170C,0.08590751899387956,optimal,,r_1548,,,,Yeast9,C:\Users\pc\Documents\auxoyeast\auxoyeast-v058-yeast9\results\model_cache\Yeast9.from_sbml.json,a0c2845382f586e2631455c9663dd0f7b161f63591dde29974464fe8f31d0742,excel:78,4428,C:\Users\pc\anaconda3\envs\auxoyeast-repro\python.exe,0.08591081396679216,optimal,glpk,180,0.0008590751899388004,-1000.0,240,1e-07,False,process_timeout_only_tight_feasibility,False,not_attempted,,120,primary,78,YMR170C,pantothenic acid,1,S288C,"White WH, et al. (2003) PMID:12586697",False
r_0063,"{'r_0063': [0, 0]}",correct,fresh_model_per_condition,True,1e-07,YBR176W,-9.575844248413162e-29,optimal,,r_1548,,,,Yeast9,C:\Users\pc\Documents\auxoyeast\auxoyeast-v058-yeast9\results\model_cache\Yeast9.from_sbml.json,a0c2845382f586e2631455c9663dd0f7b161f63591dde29974464fe8f31d0742,excel:79,15580,C:\Users\pc\anaconda3\envs\auxoyeast-repro\python.exe,0.08591081396679216,optimal,glpk,180,0.0008590751899388004,-1000.0,240,1e-07,False,process_timeout_only_tight_feasibility,False,not_attempted,,120,primary,79,YBR176W,pantothenic acid,1,S288C,"White WH, et al. (2001) PMID:11154694",False
r_0929+r_0936+r_0937,"{'r_0929': [0, 0], 'r_0936': [0, 0], 'r_0937': [0, 0]}",correct,fresh_model_per_condition,True,1e-07,YMR020W,0.0,optimal,,r_1548,,,,Yeast9,C:\Users\pc\Documents\auxoyeast\auxoyeast-v058-yeast9\results\model_cache\Yeast9.from_sbml.json,a0c2845382f586e2631455c9663dd0f7b161f63591dde29974464fe8f31d0742,excel:80,24664,C:\Users\pc\anaconda3\envs\auxoyeast-repro\python.exe,0.08591081396678843,optimal,glpk,180,0.0008590751899388004,-1000.0,240,1e-07,False,process_timeout_only_tight_feasibility,False,not_attempted,,120,primary,80,YMR020W,pantothenic acid,1,S288C,"White WH, et al. (2001) PMID:11154694",False
r_1002+r_4752,"{'r_1002': [0, 0], 'r_4752': [0.0, 1000.0]}",correct,fresh_model_per_condition,True,1e-07,YLR146C,-9.575844248413162e-29,optimal,,r_1548,,,,Yeast9,C:\Users\pc\Documents\auxoyeast\auxoyeast-v058-yeast9\results\model_cache\Yeast9.from_sbml.json,a0c2845382f586e2631455c9663dd0f7b161f63591dde29974464fe8f31d0742,excel:81,11764,C:\Users\pc\anaconda3\envs\auxoyeast-repro\python.exe,0.08591081396678989,optimal,glpk,180,0.0008590751899388004,-1000.0,240,1e-07,False,process_timeout_only_tight_feasibility,False,not_attempted,,120,primary,81,YLR146C,pantothenic acid,1,S288C,"White WH, et al. (2001) PMID:11154694",False
r_0017+r_0347+r_0350+r_0351,"{'r_0017': [0, 0], 'r_0347': [0, 0], 'r_0350': [0, 0], 'r_0351': [0, 0]}",correct,fresh_model_per_condition,True,1e-07,YNL256W,0.0,optimal,,r_1625,,,,Yeast9,C:\Users\pc\Documents\auxoyeast\auxoyeast-v058-yeast9\results\model_cache\Yeast9.from_sbml.json,a0c2845382f586e2631455c9663dd0f7b161f63591dde29974464fe8f31d0742,excel:82,20940,C:\Users\pc\anaconda3\envs\auxoyeast-repro\python.exe,0.08590962190639635,optimal,glpk,180,0.0008590751899388004,-1000.0,240,1e-07,False,process_timeout_only_tight_feasibility,False,not_attempted,,120,primary,82,YNL256W,5-formyltetrahydrofolic acid,1,Other,"Iliades P, et al. (2004) PMID:15215118",False
r_0758,"{'r_0758': [0, 0]}",correct,fresh_model_per_condition,True,1e-07,YJL153C,0.0,optimal,,r_1947,,,,Yeast9,C:\Users\pc\Documents\auxoyeast\auxoyeast-v058-yeast9\results\model_cache\Yeast9.from_sbml.json,a0c2845382f586e2631455c9663dd0f7b161f63591dde29974464fe8f31d0742,excel:83,24888,C:\Users\pc\anaconda3\envs\auxoyeast-repro\python.exe,0.08597479050579683,optimal,glpk,180,0.0008590751899388004,-1000.0,240,1e-07,False,process_timeout_only_tight_feasibility,False,not_attempted,,120,primary,83,YJL153C,myo-inositol,1,Other,Culbertson MR and Henry SA (1975) PMID:1093935,False
r_0993+r_3128+r_3129+r_3130+r_3131+r_3132+r_3133+r_3134+r_3135+r_3136+r_3137+r_3138+r_3139+r_3140+r_3141+r_3142+r_3143+r_3160+r_3161+r_3162+r_3163+r_3164+r_3165+r_3166+r_3167+r_3168+r_3169+r_3170+r_3171+r_3172+r_3173+r_3174+r_3175,"{'r_0993': [0, 0], 'r_3128': [0, 0], 'r_3129': [0, 0], 'r_3130': [0, 0], 'r_3131': [0, 0], 'r_3132': [0, 0], 'r_3133': [0, 0], 'r_3134': [0, 0], 'r_3135': [0, 0], 'r_3136': [0, 0], 'r_3137': [0, 0], 'r_3138': [0, 0], 'r_3139': [0, 0], 'r_3140': [0, 0], 'r_3141': [0, 0], 'r_3142': [0, 0], 'r_3143': [0, 0], 'r_3160': [0, 0], 'r_3161': [0, 0], 'r_3162': [0, 0], 'r_3163': [0, 0], 'r_3164': [0, 0], 'r_3165': [0, 0], 'r_3166': [0, 0], 'r_3167': [0, 0], 'r_3168': [0, 0], 'r_3169': [0, 0], 'r_3170': [0, 0], 'r_3171': [0, 0], 'r_3172': [0, 0], 'r_3173': [0, 0], 'r_3174': [0, 0], 'r_3175': [0, 0]}",type_I,fresh_model_per_condition,False,1e-07,YKL212W,0.08590754899640707,optimal,,r_1947,,,,Yeast9,C:\Users\pc\Documents\auxoyeast\auxoyeast-v058-yeast9\results\model_cache\Yeast9.from_sbml.json,a0c2845382f586e2631455c9663dd0f7b161f63591dde29974464fe8f31d0742,excel:84,12832,C:\Users\pc\anaconda3\envs\auxoyeast-repro\python.exe,0.0859748205553319,optimal,glpk,180,0.0008590751899388004,-1000.0,240,1e-07,False,process_timeout_only_tight_feasibility,False,not_attempted,,120,primary,84,YKL212W,myo-inositol,1,Other,"Rivas MP, et al. (1999) PMID:10397762",False
r_0058,"{'r_0058': [0, 0]}",correct,fresh_model_per_condition,True,1e-07,YJR025C,-4.2310678897506946e-14,optimal,,r_1967,,,,Yeast9,C:\Users\pc\Documents\auxoyeast\auxoyeast-v058-yeast9\results\model_cache\Yeast9.from_sbml.json,a0c2845382f586e2631455c9663dd0f7b161f63591dde29974464fe8f31d0742,excel:85,27344,C:\Users\pc\anaconda3\envs\auxoyeast-repro\python.exe,0.08599042160768812,optimal,glpk,180,0.0008590751899388004,-1000.0,240,1e-07,False,process_timeout_only_tight_feasibility,False,not_attempted,,120,primary,85,YJR025C,nicotinicacid,1,W303,"Panozzo C, et al. (2002) PMID:12062417",False
r_0694,"{'r_0694': [0, 0]}",correct,fresh_model_per_condition,True,1e-07,YJR078W,0.0,optimal,,r_1967,,,,Yeast9,C:\Users\pc\Documents\auxoyeast\auxoyeast-v058-yeast9\results\model_cache\Yeast9.from_sbml.json,a0c2845382f586e2631455c9663dd0f7b161f63591dde29974464fe8f31d0742,excel:86,2152,C:\Users\pc\anaconda3\envs\auxoyeast-repro\python.exe,0.0859905044294232,optimal,glpk,180,0.0008590751899388004,-1000.0,240,1e-07,False,process_timeout_only_tight_feasibility,False,not_attempted,,120,primary,86,YJR078W,nicotinicacid,1,W303,"Panozzo C, et al. (2002) PMID:12062417",False
r_0671,"{'r_0671': [0, 0]}",correct,fresh_model_per_condition,True,1e-07,YBL098W,-4.2310678897506946e-14,optimal,,r_1967,,,,Yeast9,C:\Users\pc\Documents\auxoyeast\auxoyeast-v058-yeast9\results\model_cache\Yeast9.from_sbml.json,a0c2845382f586e2631455c9663dd0f7b161f63591dde29974464fe8f31d0742,excel:87,17072,C:\Users\pc\anaconda3\envs\auxoyeast-repro\python.exe,0.08599042160768755,optimal,glpk,180,0.0008590751899388004,-1000.0,240,1e-07,False,process_timeout_only_tight_feasibility,False,not_attempted,,120,primary,87,YBL098W,nicotinicacid,1,W303,"Panozzo C, et al. (2002) PMID:12062417",False
r_0045+r_0670,"{'r_0045': [0, 0], 'r_0670': [0, 0]}",correct,fresh_model_per_condition,True,1e-07,YLR231C,3.8261364945972254e-14,optimal,,r_1967,,,,Yeast9,C:\Users\pc\Documents\auxoyeast\auxoyeast-v058-yeast9\results\model_cache\Yeast9.from_sbml.json,a0c2845382f586e2631455c9663dd0f7b161f63591dde29974464fe8f31d0742,excel:88,3640,C:\Users\pc\anaconda3\envs\auxoyeast-repro\python.exe,0.0859904216076884,optimal,glpk,180,0.0008590751899388004,-1000.0,240,1e-07,False,process_timeout_only_tight_feasibility,False,not_attempted,,120,primary,88,YLR231C,nicotinicacid,1,W303,"Panozzo C, et al. (2002) PMID:12062417",False
r_0786+r_0787,"{'r_0786': [0, 0], 'r_0787': [0, 0]}",correct,fresh_model_per_condition,True,1e-07,YFR047C,2.091655830535547e-15,optimal,,r_1967,,,,Yeast9,C:\Users\pc\Documents\auxoyeast\auxoyeast-v058-yeast9\results\model_cache\Yeast9.from_sbml.json,a0c2845382f586e2631455c9663dd0f7b161f63591dde29974464fe8f31d0742,excel:89,1744,C:\Users\pc\anaconda3\envs\auxoyeast-repro\python.exe,0.08599042160768852,optimal,glpk,180,0.0008590751899388004,-1000.0,240,1e-07,False,process_timeout_only_tight_feasibility,False,not_attempted,,120,primary,89,YFR047C,nicotinicacid,1,W303,"Panozzo C, et al. (2002) PMID:12062417",False
r_0525,"{'r_0525': [0, 0]}",correct,fresh_model_per_condition,True,1e-07,YBL033C,-1.1969805310516447e-29,optimal,,r_2038,,,,Yeast9,C:\Users\pc\Documents\auxoyeast\auxoyeast-v058-yeast9\results\model_cache\Yeast9.from_sbml.json,a0c2845382f586e2631455c9663dd0f7b161f63591dde29974464fe8f31d0742,excel:90,4240,C:\Users\pc\anaconda3\envs\auxoyeast-repro\python.exe,0.08593566934243578,optimal,glpk,180,0.0008590751899388004,-1000.0,240,1e-07,False,process_timeout_only_tight_feasibility,False,not_attempted,,120,primary,90,YBL033C,riboflavin,1,S288C,"Oltmanns O, et al. (1969) PMID:5366000",False
r_0014,"{'r_0014': [0, 0]}",correct,fresh_model_per_condition,True,1e-07,YOL066C,1.2955285038780035e-30,optimal,,r_2038,,,,Yeast9,C:\Users\pc\Documents\auxoyeast\auxoyeast-v058-yeast9\results\model_cache\Yeast9.from_sbml.json,a0c2845382f586e2631455c9663dd0f7b161f63591dde29974464fe8f31d0742,excel:91,11848,C:\Users\pc\anaconda3\envs\auxoyeast-repro\python.exe,0.0859356693424353,optimal,glpk,180,0.0008590751899388004,-1000.0,240,1e-07,False,process_timeout_only_tight_feasibility,False,not_attempted,,120,primary,91,YOL066C,riboflavin,1,S288C,"Oltmanns O, et al. (1969) PMID:5366000",False
r_0038,"{'r_0038': [0, 0]}",correct,fresh_model_per_condition,True,1e-07,YDR487C,0.0,optimal,,r_2038,,,,Yeast9,C:\Users\pc\Documents\auxoyeast\auxoyeast-v058-yeast9\results\model_cache\Yeast9.from_sbml.json,a0c2845382f586e2631455c9663dd0f7b161f63591dde29974464fe8f31d0742,excel:92,25064,C:\Users\pc\anaconda3\envs\auxoyeast-repro\python.exe,0.08593566934243586,optimal,glpk,180,0.0008590751899388004,-1000.0,240,1e-07,False,process_timeout_only_tight_feasibility,False,not_attempted,,120,primary,92,YDR487C,riboflavin,1,S288C,"Oltmanns O, et al. (1969) PMID:5366000",False
r_0967,"{'r_0967': [0, 0]}",correct,fresh_model_per_condition,True,1e-07,YOL143C,0.0,optimal,,r_2038,,,,Yeast9,C:\Users\pc\Documents\auxoyeast\auxoyeast-v058-yeast9\results\model_cache\Yeast9.from_sbml.json,a0c2845382f586e2631455c9663dd0f7b161f63591dde29974464fe8f31d0742,excel:93,7384,C:\Users\pc\anaconda3\envs\auxoyeast-repro\python.exe,0.08593566934243663,optimal,glpk,180,0.0008590751899388004,-1000.0,240,1e-07,False,process_timeout_only_tight_feasibility,False,not_attempted,,120,primary,93,YOL143C,riboflavin,1,S288C,"Oltmanns O, et al. (1969) PMID:5366000",False
r_0968,"{'r_0968': [0, 0]}",correct,fresh_model_per_condition,True,1e-07,YBR256C,-1.1969805310516447e-29,optimal,,r_2038,,,,Yeast9,C:\Users\pc\Documents\auxoyeast\auxoyeast-v058-yeast9\results\model_cache\Yeast9.from_sbml.json,a0c2845382f586e2631455c9663dd0f7b161f63591dde29974464fe8f31d0742,excel:94,17128,C:\Users\pc\anaconda3\envs\auxoyeast-repro\python.exe,0.0859356693424348,optimal,glpk,180,0.0008590751899388004,-1000.0,240,1e-07,False,process_timeout_only_tight_feasibility,False,not_attempted,,120,primary,94,YBR256C,riboflavin,1,S288C,"Oltmanns O, et al. (1969) PMID:5366000",False
r_4252,"{'r_4252': [0, 0]}",type_I,fresh_model_per_condition,False,1e-07,YGR144W,0.08590751899388024,optimal,,r_2067,,,,Yeast9,C:\Users\pc\Documents\auxoyeast\auxoyeast-v058-yeast9\results\model_cache\Yeast9.from_sbml.json,a0c2845382f586e2631455c9663dd0f7b161f63591dde29974464fe8f31d0742,excel:95,2940,C:\Users\pc\anaconda3\envs\auxoyeast-repro\python.exe,0.08590754899640818,optimal,glpk,180,0.0008590751899388004,-1000.0,240,1e-07,False,process_timeout_only_tight_feasibility,False,not_attempted,,120,primary,95,YGR144W,thiamine(1+),1,S288C,"Ruiz-Roldán C, et al. (2008) PMID:17964830",False
r_0556+r_1036+r_4753,"{'r_0556': [0, 0], 'r_1036': [0, 0], 'r_4753': [0, 0]}",correct,fresh_model_per_condition,True,1e-07,YPL214C,0.0,optimal,,r_2067,,,,Yeast9,C:\Users\pc\Documents\auxoyeast\auxoyeast-v058-yeast9\results\model_cache\Yeast9.from_sbml.json,a0c2845382f586e2631455c9663dd0f7b161f63591dde29974464fe8f31d0742,excel:96,15484,C:\Users\pc\anaconda3\envs\auxoyeast-repro\python.exe,0.08590754899640686,optimal,glpk,180,0.0008590751899388004,-1000.0,240,1e-07,False,process_timeout_only_tight_feasibility,False,not_attempted,,120,primary,96,YPL214C,thiamine(1+),1,Other,"Nosaka K, et al. (1994) PMID:7982968",False
r_1269,"{'r_1269': [0, 0]}",type_I,fresh_model_per_condition,False,1e-07,YGR096W,0.08590751899387956,optimal,,r_2067,,,,Yeast9,C:\Users\pc\Documents\auxoyeast\auxoyeast-v058-yeast9\results\model_cache\Yeast9.from_sbml.json,a0c2845382f586e2631455c9663dd0f7b161f63591dde29974464fe8f31d0742,excel:97,25692,C:\Users\pc\anaconda3\envs\auxoyeast-repro\python.exe,0.08590754899640753,optimal,glpk,180,0.0008590751899388004,-1000.0,240,1e-07,False,process_timeout_only_tight_feasibility,False,not_attempted,,120,primary,97,YGR096W,thiamine(1+),1,S288C,"Marobbio CM, et al. (2002) PMID:12411483",False
r_0817,"{'r_0817': [0, 0]}",type_I,fresh_model_per_condition,False,1e-07,YKL184W,0.08590751899387956,optimal,,r_1548,,,,Yeast9,C:\Users\pc\Documents\auxoyeast\auxoyeast-v058-yeast9\results\model_cache\Yeast9.from_sbml.json,a0c2845382f586e2631455c9663dd0f7b161f63591dde29974464fe8f31d0742,excel:98,13276,C:\Users\pc\anaconda3\envs\auxoyeast-repro\python.exe,0.08591081396679216,optimal,glpk,180,0.0008590751899388004,-1000.0,240,1e-07,False,process_timeout_only_tight_feasibility,False,not_attempted,,120,primary,98,YKL184W,pantothenic acid,1,S288C,"White WH, et al. (2001) PMID:11154694",False
r_0145,"{'r_0145': [0, 0]}",correct,fresh_model_per_condition,True,1e-07,YOL052C,-9.575844248413162e-29,optimal,,r_1548,,,,Yeast9,C:\Users\pc\Documents\auxoyeast\auxoyeast-v058-yeast9\results\model_cache\Yeast9.from_sbml.json,a0c2845382f586e2631455c9663dd0f7b161f63591dde29974464fe8f31d0742,excel:99,11620,C:\Users\pc\anaconda3\envs\auxoyeast-repro\python.exe,0.08591081396679216,optimal,glpk,180,0.0008590751899388004,-1000.0,240,1e-07,False,process_timeout_only_tight_feasibility,False,not_attempted,,120,primary,99,YOL052C,pantothenic acid,1,S288C,"White WH, et al. (2001) PMID:11154694",False
r_1001+r_4752,"{'r_1001': [0, 0], 'r_4752': [0.0, 1000.0]}",type_I,fresh_model_per_condition,False,1e-07,YPR069C,0.08590751899387915,optimal,,r_1548,,,,Yeast9,C:\Users\pc\Documents\auxoyeast\auxoyeast-v058-yeast9\results\model_cache\Yeast9.from_sbml.json,a0c2845382f586e2631455c9663dd0f7b161f63591dde29974464fe8f31d0742,excel:100,10388,C:\Users\pc\anaconda3\envs\auxoyeast-repro\python.exe,0.08591081396678864,optimal,glpk,180,0.0008590751899388004,-1000.0,240,1e-07,False,process_timeout_only_tight_feasibility,False,not_attempted,,120,primary,100,YPR069C,pantothenic acid,1,S288C,"White WH, et al. (2001) PMID:11154694",False
r_0524,"{'r_0524': [0, 0]}",correct,fresh_model_per_condition,True,1e-07,YGR267C,0.0,optimal,,r_1625,,,,Yeast9,C:\Users\pc\Documents\auxoyeast\auxoyeast-v058-yeast9\results\model_cache\Yeast9.from_sbml.json,a0c2845382f586e2631455c9663dd0f7b161f63591dde29974464fe8f31d0742,excel:101,15256,C:\Users\pc\anaconda3\envs\auxoyeast-repro\python.exe,0.08590962190639623,optimal,glpk,180,0.0008590751899388004,-1000.0,240,1e-07,False,process_timeout_only_tight_feasibility,False,not_attempted,,120,primary,101,YGR267C,5-formyltetrahydrofolic acid,1,W303,"Nardese V, et al. (1996) PMID:8573145",False
r_0346,"{'r_0346': [0, 0]}",correct,fresh_model_per_condition,True,1e-07,YMR113W,0.0,optimal,,r_1625,,,,Yeast9,C:\Users\pc\Documents\auxoyeast\auxoyeast-v058-yeast9\results\model_cache\Yeast9.from_sbml.json,a0c2845382f586e2631455c9663dd0f7b161f63591dde29974464fe8f31d0742,excel:102,21584,C:\Users\pc\anaconda3\envs\auxoyeast-repro\python.exe,0.08590962190639623,optimal,glpk,180,0.0008590751899388004,-1000.0,240,1e-07,False,process_timeout_only_tight_feasibility,False,not_attempted,,120,primary,102,YMR113W,5-formyltetrahydrofolic acid,1,W303,"Cherest H, et al. (2000) PMID:10799479",False
r_0908,"{'r_0908': [0, 0]}",correct,fresh_model_per_condition,True,1e-07,YAR015W,-6.516812263957768e-16,optimal,,r_1639,,,,Yeast9,C:\Users\pc\Documents\auxoyeast\auxoyeast-v058-yeast9\results\model_cache\Yeast9.from_sbml.json,a0c2845382f586e2631455c9663dd0f7b161f63591dde29974464fe8f31d0742,excel:103,23636,C:\Users\pc\anaconda3\envs\auxoyeast-repro\python.exe,0.08667343780013602,optimal,glpk,180,0.0008590751899388004,-1000.0,240,1e-07,False,process_timeout_only_tight_feasibility,False,not_attempted,,120,primary,103,YAR015W,adenine,1,W303,"Roberts RL, et al. (2003) PMID:12740435",False
r_0153,"{'r_0153': [0, 0]}",correct,fresh_model_per_condition,True,1e-07,YNL220W,4.3105852422841304e-16,optimal,,r_1639,,,,Yeast9,C:\Users\pc\Documents\auxoyeast\auxoyeast-v058-yeast9\results\model_cache\Yeast9.from_sbml.json,a0c2845382f586e2631455c9663dd0f7b161f63591dde29974464fe8f31d0742,excel:104,1360,C:\Users\pc\anaconda3\envs\auxoyeast-repro\python.exe,0.08667343780013503,optimal,glpk,180,0.0008590751899388004,-1000.0,240,1e-07,False,process_timeout_only_tight_feasibility,False,not_attempted,,120,primary,104,YNL220W,adenine,1,Other,Dorfman BZ (1969) PMID:5807803,False
r_0151+r_0152,"{'r_0151': [0, 0], 'r_0152': [0, 0]}",correct,fresh_model_per_condition,True,1e-07,YLR359W,-7.447478580851286e-16,optimal,,r_1639,,,,Yeast9,C:\Users\pc\Documents\auxoyeast\auxoyeast-v058-yeast9\results\model_cache\Yeast9.from_sbml.json,a0c2845382f586e2631455c9663dd0f7b161f63591dde29974464fe8f31d0742,excel:105,4316,C:\Users\pc\anaconda3\envs\auxoyeast-repro\python.exe,0.08667343780013566,optimal,glpk,180,0.0008590751899388004,-1000.0,240,1e-07,False,process_timeout_only_tight_feasibility,False,not_attempted,,120,primary,105,YLR359W,adenine,1,Other,Dorfman BZ (1969) PMID:5807803,False
r_0911,"{'r_0911': [0, 0]}",correct,fresh_model_per_condition,True,1e-07,YOR128C,-6.496321092806097e-15,optimal,,r_1639,,,,Yeast9,C:\Users\pc\Documents\auxoyeast\auxoyeast-v058-yeast9\results\model_cache\Yeast9.from_sbml.json,a0c2845382f586e2631455c9663dd0f7b161f63591dde29974464fe8f31d0742,excel:106,12224,C:\Users\pc\anaconda3\envs\auxoyeast-repro\python.exe,0.08667343780013506,optimal,glpk,180,0.0008590751899388004,-1000.0,240,1e-07,False,process_timeout_only_tight_feasibility,False,not_attempted,,120,primary,106,YOR128C,adenine,1,W303,"Roberts RL, et al. (2003) PMID:12740435",False
r_0731,"{'r_0731': [0, 0]}",type_I,fresh_model_per_condition,False,1e-07,YKR080W,0.08590751899387956,optimal,,r_1639,,,,Yeast9,C:\Users\pc\Documents\auxoyeast\auxoyeast-v058-yeast9\results\model_cache\Yeast9.from_sbml.json,a0c2845382f586e2631455c9663dd0f7b161f63591dde29974464fe8f31d0742,excel:107,19352,C:\Users\pc\anaconda3\envs\auxoyeast-repro\python.exe,0.0866734378001355,optimal,glpk,180,0.0008590751899388004,-1000.0,240,1e-07,False,process_timeout_only_tight_feasibility,False,not_attempted,,120,primary,107,YKR080W,adenine,1,Other,"West MG, et al. (1993) PMID:8416923",False
r_0514,"{'r_0514': [0, 0]}",correct,fresh_model_per_condition,True,1e-07,YMR217W,1.3195456477448136e-20,optimal,,r_1818,,,,Yeast9,C:\Users\pc\Documents\auxoyeast\auxoyeast-v058-yeast9\results\model_cache\Yeast9.from_sbml.json,a0c2845382f586e2631455c9663dd0f7b161f63591dde29974464fe8f31d0742,excel:108,25756,C:\Users\pc\anaconda3\envs\auxoyeast-repro\python.exe,0.08626772155086641,optimal,glpk,180,0.0008590751899388004,-1000.0,240,1e-07,False,process_timeout_only_tight_feasibility,False,not_attempted,,120,primary,108,YMR217W,guanine,1,Other,"Dujardin G, et al. (1994) PMID:8112582",False
r_0453,"{'r_0453': [0, 0]}",correct,fresh_model_per_condition,True,1e-07,YKL216W,6.835363405367679e-18,optimal,,r_2090,,,,Yeast9,C:\Users\pc\Documents\auxoyeast\auxoyeast-v058-yeast9\results\model_cache\Yeast9.from_sbml.json,a0c2845382f586e2631455c9663dd0f7b161f63591dde29974464fe8f31d0742,excel:109,21772,C:\Users\pc\anaconda3\envs\auxoyeast-repro\python.exe,0.0864530850866829,optimal,glpk,180,0.0008590751899388004,-1000.0,240,1e-07,False,process_timeout_only_tight_feasibility,False,not_attempted,,120,primary,109,YKL216W,uracil,1,FL100,Lacroute F (1968) PMID:5651325,False
r_0214+r_0250,"{'r_0214': [0, 0], 'r_0250': [0, 0]}",type_II,fresh_model_per_condition,False,1e-07,YJL130C,2.937654330323801e-20,optimal,,r_2090,,,,Yeast9,C:\Users\pc\Documents\auxoyeast\auxoyeast-v058-yeast9\results\model_cache\Yeast9.from_sbml.json,a0c2845382f586e2631455c9663dd0f7b161f63591dde29974464fe8f31d0742,excel:110,21976,C:\Users\pc\anaconda3\envs\auxoyeast-repro\python.exe,1.2115242938631016e-17,optimal,glpk,180,0.0008590751899388004,-1000.0,240,1e-07,False,process_timeout_only_tight_feasibility,False,not_attempted,,120,primary,110,YJL130C,uracil,1,FL100,Lacroute F (1968) PMID:5651325,False
r_0821,"{'r_0821': [0, 0]}",correct,fresh_model_per_condition,True,1e-07,YEL021W,6.835363405367679e-18,optimal,,r_2090,,,,Yeast9,C:\Users\pc\Documents\auxoyeast\auxoyeast-v058-yeast9\results\model_cache\Yeast9.from_sbml.json,a0c2845382f586e2631455c9663dd0f7b161f63591dde29974464fe8f31d0742,excel:111,1876,C:\Users\pc\anaconda3\envs\auxoyeast-repro\python.exe,0.08645308508668316,optimal,glpk,180,0.0008590751899388004,-1000.0,240,1e-07,False,process_timeout_only_tight_feasibility,False,not_attempted,,120,primary,111,YEL021W,uracil,1,FL100,Lacroute F (1968) PMID:5651325,False
r_0349,"{'r_0349': [0, 0]}",correct,fresh_model_per_condition,True,1e-07,YLR420W,-7.186977014897217e-31,optimal,,r_2090,,,,Yeast9,C:\Users\pc\Documents\auxoyeast\auxoyeast-v058-yeast9\results\model_cache\Yeast9.from_sbml.json,a0c2845382f586e2631455c9663dd0f7b161f63591dde29974464fe8f31d0742,excel:112,15048,C:\Users\pc\anaconda3\envs\auxoyeast-repro\python.exe,0.08645308508668245,optimal,glpk,180,0.0008590751899388004,-1000.0,240,1e-07,False,process_timeout_only_tight_feasibility,False,not_attempted,,120,primary,112,YLR420W,uracil,1,FL100,Lacroute F (1968) PMID:5651325,False
r_0915,"{'r_0915': [0, 0]}",correct,fresh_model_per_condition,True,1e-07,YMR300C,-3.3743439951019678e-15,optimal,r_2067,r_1639,,,,Yeast9,C:\Users\pc\Documents\auxoyeast\auxoyeast-v058-yeast9\results\model_cache\Yeast9.from_sbml.json,a0c2845382f586e2631455c9663dd0f7b161f63591dde29974464fe8f31d0742,excel:113,14784,C:\Users\pc\anaconda3\envs\auxoyeast-repro\python.exe,0.08667346850252916,optimal,glpk,180,0.0008590751899388004,-1000.0,240,1e-07,False,process_timeout_only_tight_feasibility,False,not_attempted,,120,primary,113,YMR300C,adenine add  thiamine,1,S288C,"Roberts RL, et al. (2003) PMID:12740435",True
r_0855+r_0914,"{'r_0855': [0, 0], 'r_0914': [0, 0]}",correct,fresh_model_per_condition,True,1e-07,YGL234W,-3.3743439951019678e-15,optimal,r_2067,r_1639,,,,Yeast9,C:\Users\pc\Documents\auxoyeast\auxoyeast-v058-yeast9\results\model_cache\Yeast9.from_sbml.json,a0c2845382f586e2631455c9663dd0f7b161f63591dde29974464fe8f31d0742,excel:114,16980,C:\Users\pc\anaconda3\envs\auxoyeast-repro\python.exe,0.08667346850252916,optimal,glpk,180,0.0008590751899388004,-1000.0,240,1e-07,False,process_timeout_only_tight_feasibility,False,not_attempted,,120,primary,114,YGL234W,adenine add  thiamine,1,W303,"Roberts RL, et al. (2003) PMID:12740435",True
r_0079,"{'r_0079': [0, 0]}",correct,fresh_model_per_condition,True,1e-07,YGR061C,-3.3743439951019678e-15,optimal,r_2067,r_1639,,,,Yeast9,C:\Users\pc\Documents\auxoyeast\auxoyeast-v058-yeast9\results\model_cache\Yeast9.from_sbml.json,a0c2845382f586e2631455c9663dd0f7b161f63591dde29974464fe8f31d0742,excel:115,17120,C:\Users\pc\anaconda3\envs\auxoyeast-repro\python.exe,0.0866734685025289,optimal,glpk,180,0.0008590751899388004,-1000.0,240,1e-07,False,process_timeout_only_tight_feasibility,False,not_attempted,,120,primary,115,YGR061C,adenine add  thiamine,1,W303,"Roberts RL, et al. (2003) PMID:12740435",True
r_0499,"{'r_0499': [0, 0]}",correct,fresh_model_per_condition,True,1e-07,YDR408C,-3.3743439951019678e-15,optimal,r_2067,r_1639,,,,Yeast9,C:\Users\pc\Documents\auxoyeast\auxoyeast-v058-yeast9\results\model_cache\Yeast9.from_sbml.json,a0c2845382f586e2631455c9663dd0f7b161f63591dde29974464fe8f31d0742,excel:116,3140,C:\Users\pc\anaconda3\envs\auxoyeast-repro\python.exe,0.08667346850252985,optimal,glpk,180,0.0008590751899388004,-1000.0,240,1e-07,False,process_timeout_only_tight_feasibility,False,not_attempted,,120,primary,116,YDR408C,adenine add  thiamine,1,S288C,"Roberts RL, et al. (2003) PMID:12740435",True
r_0066,"{'r_0066': [0, 0]}",correct,fresh_model_per_condition,True,1e-07,YNR033W,0.0,optimal,,r_1604,,,,Yeast9,C:\Users\pc\Documents\auxoyeast\auxoyeast-v058-yeast9\results\model_cache\Yeast9.from_sbml.json,a0c2845382f586e2631455c9663dd0f7b161f63591dde29974464fe8f31d0742,excel:117,17892,C:\Users\pc\anaconda3\envs\auxoyeast-repro\python.exe,0.08590819518992236,optimal,glpk,180,0.0008590751899388004,-1000.0,240,1e-07,False,process_timeout_only_tight_feasibility,False,not_attempted,,120,primary,117,YNR033W,4-aminobenzoic acid,1,Other,"Edman JC, et al. (1993) PMID:8346682",False
r_2446+r_2447+r_2448+r_2449+r_2450+r_2451+r_2452+r_2453,"{'r_2446': [0, 0], 'r_2447': [0, 0], 'r_2448': [0, 0], 'r_2449': [0, 0], 'r_2450': [0, 0], 'r_2451': [0, 0], 'r_2452': [0, 0], 'r_2453': [0, 0]}",type_II,fresh_model_per_condition,False,1e-07,YER026C,0.0,optimal,,r_1683,,,,Yeast9,C:\Users\pc\Documents\auxoyeast\auxoyeast-v058-yeast9\results\model_cache\Yeast9.from_sbml.json,a0c2845382f586e2631455c9663dd0f7b161f63591dde29974464fe8f31d0742,excel:118,2676,C:\Users\pc\anaconda3\envs\auxoyeast-repro\python.exe,0.0,optimal,glpk,180,0.0008590751899388004,-1000.0,240,1e-07,False,process_timeout_only_tight_feasibility,False,not_attempted,,120,primary,118,YER026C,choline,1,Other,"Atkinson KD, et al. (1980) PMID:6988386",False
r_2488+r_2489+r_2490+r_2491+r_2492+r_2493+r_2494+r_2495,"{'r_2488': [0.0, 1000.0], 'r_2489': [0.0, 1000.0], 'r_2490': [0.0, 1000.0], 'r_2491': [0.0, 1000.0], 'r_2492': [0.0, 1000.0], 'r_2493': [0.0, 1000.0], 'r_2494': [0.0, 1000.0], 'r_2495': [0.0, 1000.0]}",type_I,fresh_model_per_condition,False,1e-07,YGR157W,0.08590751899387956,optimal,,r_1683,,,,Yeast9,C:\Users\pc\Documents\auxoyeast\auxoyeast-v058-yeast9\results\model_cache\Yeast9.from_sbml.json,a0c2845382f586e2631455c9663dd0f7b161f63591dde29974464fe8f31d0742,excel:119,19464,C:\Users\pc\anaconda3\envs\auxoyeast-repro\python.exe,0.0863330642578444,optimal,glpk,180,0.0008590751899388004,-1000.0,240,1e-07,False,process_timeout_only_tight_feasibility,False,not_attempted,,120,primary,119,YGR157W,choline,1,X2180-1A,"Han GS, et al. (2008) PMID:18458075",False
r_0477,"{'r_0477': [0.0, 1000.0]}",type_I,fresh_model_per_condition,False,1e-07,YKL104C,0.08590751899387956,optimal,,r_4506,,,,Yeast9,C:\Users\pc\Documents\auxoyeast\auxoyeast-v058-yeast9\results\model_cache\Yeast9.from_sbml.json,a0c2845382f586e2631455c9663dd0f7b161f63591dde29974464fe8f31d0742,excel:120,25644,C:\Users\pc\anaconda3\envs\auxoyeast-repro\python.exe,20.57245075158079,optimal,glpk,180,0.0008590751899388004,-1000.0,240,1e-07,False,process_timeout_only_tight_feasibility,False,not_attempted,,120,primary,120,YKL104C,D-glucosamine,1,X2180-1A,Whelan WL and Ballou CE (1975) PMID:1104590,False
r_0723,"{'r_0723': [0, 0]}",correct,fresh_model_per_condition,True,1e-07,YER003C,-2.0609272630540089e-32,optimal,,r_1715,,,,Yeast9,C:\Users\pc\Documents\auxoyeast\auxoyeast-v058-yeast9\results\model_cache\Yeast9.from_sbml.json,a0c2845382f586e2631455c9663dd0f7b161f63591dde29974464fe8f31d0742,excel:121,22328,C:\Users\pc\anaconda3\envs\auxoyeast-repro\python.exe,0.09161378234508802,optimal,glpk,180,0.0008590751899388004,-1000.0,240,1e-07,False,process_timeout_only_tight_feasibility,False,not_attempted,,120,primary,121,YER003C,D-mannose,1,SEY6210,"Smith DJ, et al. (1992) PMID:1377774",False
r_1010+r_1011,"{'r_1010': [0, 0], 'r_1011': [0, 0]}",correct,fresh_model_per_condition,True,1e-07,YGR175C,-1.4415964233580971e-18,optimal,,r_1757,,,,Yeast9,C:\Users\pc\Documents\auxoyeast\auxoyeast-v058-yeast9\results\model_cache\Yeast9.from_sbml.json,a0c2845382f586e2631455c9663dd0f7b161f63591dde29974464fe8f31d0742,excel:122,24416,C:\Users\pc\anaconda3\envs\auxoyeast-repro\python.exe,0.08853793645880398,optimal,glpk,180,0.0008590751899388004,-1000.0,240,1e-07,False,process_timeout_only_tight_feasibility,False,not_attempted,,120,primary,122,YGR175C,ergosterol,1,FL100,Karst F and Lacroute F (1977) PMID:200835,False
r_0103+r_0104,"{'r_0103': [0, 0], 'r_0104': [0, 0]}",type_I,fresh_model_per_condition,False,1e-07,YPL028W,0.08488395870884012,optimal,,r_1757,,,,Yeast9,C:\Users\pc\Documents\auxoyeast\auxoyeast-v058-yeast9\results\model_cache\Yeast9.from_sbml.json,a0c2845382f586e2631455c9663dd0f7b161f63591dde29974464fe8f31d0742,excel:123,18984,C:\Users\pc\anaconda3\envs\auxoyeast-repro\python.exe,0.08853792154052237,optimal,glpk,180,0.0008590751899388004,-1000.0,240,1e-07,False,process_timeout_only_tight_feasibility,False,not_attempted,,120,primary,123,YPL028W,ergosterol,1,FL100,Karst F and Lacroute F (1977) PMID:200835,False
r_0317,"{'r_0317': [0, 0]}",correct,fresh_model_per_condition,True,1e-07,YHR007C,-1.4415964233580971e-18,optimal,,r_1757,,,,Yeast9,C:\Users\pc\Documents\auxoyeast\auxoyeast-v058-yeast9\results\model_cache\Yeast9.from_sbml.json,a0c2845382f586e2631455c9663dd0f7b161f63591dde29974464fe8f31d0742,excel:124,1824,C:\Users\pc\anaconda3\envs\auxoyeast-repro\python.exe,0.08853793645880384,optimal,glpk,180,0.0008590751899388004,-1000.0,240,1e-07,False,process_timeout_only_tight_feasibility,False,not_attempted,,120,primary,124,YHR007C,ergosterol,1,Other,"Kalb VF, et al. (1987) PMID:3322742",False
r_0238+r_0239+r_0240+r_0241,"{'r_0238': [0, 0], 'r_0239': [0, 0], 'r_0240': [0, 0], 'r_0241': [0, 0]}",correct,fresh_model_per_condition,True,1e-07,YGR060W,4.620543440171145e-32,optimal,,r_1757,,,,Yeast9,C:\Users\pc\Documents\auxoyeast\auxoyeast-v058-yeast9\results\model_cache\Yeast9.from_sbml.json,a0c2845382f586e2631455c9663dd0f7b161f63591dde29974464fe8f31d0742,excel:125,22988,C:\Users\pc\anaconda3\envs\auxoyeast-repro\python.exe,0.0885379364588039,optimal,glpk,180,0.0008590751899388004,-1000.0,240,1e-07,False,process_timeout_only_tight_feasibility,False,not_attempted,,120,primary,125,YGR060W,ergosterol,1,Other,"Bard M, et al. (1996) PMID:8552601",False
r_0236+r_0237,"{'r_0236': [0, 0], 'r_0237': [0, 0]}",correct,fresh_model_per_condition,True,1e-07,YLR100W,-1.4415964233580971e-18,optimal,,r_1757,,,,Yeast9,C:\Users\pc\Documents\auxoyeast\auxoyeast-v058-yeast9\results\model_cache\Yeast9.from_sbml.json,a0c2845382f586e2631455c9663dd0f7b161f63591dde29974464fe8f31d0742,excel:126,8696,C:\Users\pc\anaconda3\envs\auxoyeast-repro\python.exe,0.08853793645880169,optimal,glpk,180,0.0008590751899388004,-1000.0,240,1e-07,False,process_timeout_only_tight_feasibility,False,not_attempted,,120,primary,126,YLR100W,ergosterol,1,Other,"Gachotte D, et al. (1999) PMID:10535978",False
r_0698,"{'r_0698': [0, 0]}",correct,fresh_model_per_condition,True,1e-07,YHR072W,-1.4415964233580971e-18,optimal,,r_1757,,,,Yeast9,C:\Users\pc\Documents\auxoyeast\auxoyeast-v058-yeast9\results\model_cache\Yeast9.from_sbml.json,a0c2845382f586e2631455c9663dd0f7b161f63591dde29974464fe8f31d0742,excel:127,17184,C:\Users\pc\anaconda3\envs\auxoyeast-repro\python.exe,0.08853793645880384,optimal,glpk,180,0.0008590751899388004,-1000.0,240,1e-07,False,process_timeout_only_tight_feasibility,False,not_attempted,,120,primary,127,YHR072W,ergosterol,1,FL100,Karst F and Lacroute F (1977) PMID:200835,False
r_0904,"{'r_0904': [0, 0]}",type_II,fresh_model_per_condition,False,1e-07,YMR220W,-1.4415964233580971e-18,optimal,,r_1757,,,,Yeast9,C:\Users\pc\Documents\auxoyeast\auxoyeast-v058-yeast9\results\model_cache\Yeast9.from_sbml.json,a0c2845382f586e2631455c9663dd0f7b161f63591dde29974464fe8f31d0742,excel:128,27184,C:\Users\pc\anaconda3\envs\auxoyeast-repro\python.exe,0.0,optimal,glpk,180,0.0008590751899388004,-1000.0,240,1e-07,False,process_timeout_only_tight_feasibility,False,not_attempted,,120,primary,128,YMR220W,ergosterol,1,FL100,Karst F and Lacroute F (1977) PMID:200835,False
r_1012,"{'r_1012': [0, 0]}",correct,fresh_model_per_condition,True,1e-07,YHR190W,0.0,optimal,,r_1757,,,,Yeast9,C:\Users\pc\Documents\auxoyeast\auxoyeast-v058-yeast9\results\model_cache\Yeast9.from_sbml.json,a0c2845382f586e2631455c9663dd0f7b161f63591dde29974464fe8f31d0742,excel:129,8880,C:\Users\pc\anaconda3\envs\auxoyeast-repro\python.exe,0.08853793645880333,optimal,glpk,180,0.0008590751899388004,-1000.0,240,1e-07,False,process_timeout_only_tight_feasibility,False,not_attempted,,120,primary,129,YHR190W,ergosterol,1,FL100,Karst F and Lacroute F (1977) PMID:200835,False
r_0460,"{'r_0460': [0, 0]}",type_I,fresh_model_per_condition,False,1e-07,YJL101C,0.08590751899387956,optimal,,r_1807,,,,Yeast9,C:\Users\pc\Documents\auxoyeast\auxoyeast-v058-yeast9\results\model_cache\Yeast9.from_sbml.json,a0c2845382f586e2631455c9663dd0f7b161f63591dde29974464fe8f31d0742,excel:130,14996,C:\Users\pc\anaconda3\envs\auxoyeast-repro\python.exe,11.352116523377319,optimal,glpk,180,0.0008590751899388004,-1000.0,240,1e-07,False,process_timeout_only_tight_feasibility,False,not_attempted,,120,primary,130,YJL101C,glutathione,1,Other,"Grant CM, et al. (1996) PMID:8662189",False
r_2140+r_2141,"{'r_2140': [0, 0], 'r_2141': [0, 0]}",correct,fresh_model_per_condition,True,1e-07,YKL182W,0.0,optimal,,r_1993,,,,Yeast9,C:\Users\pc\Documents\auxoyeast\auxoyeast-v058-yeast9\results\model_cache\Yeast9.from_sbml.json,a0c2845382f586e2631455c9663dd0f7b161f63591dde29974464fe8f31d0742,excel:131,12272,C:\Users\pc\anaconda3\envs\auxoyeast-repro\python.exe,9.277458568832257,optimal,glpk,180,0.0008590751899388004,-1000.0,240,1e-07,False,process_timeout_only_tight_feasibility,False,not_attempted,,120,primary,131,YKL182W,fatty acid,1,Other,"Schüller HJ, et al. (1992) PMID:1735446",False
r_2140+r_2141,"{'r_2140': [0, 0], 'r_2141': [0, 0]}",correct,fresh_model_per_condition,True,1e-07,YPL231W,0.0,optimal,,r_1993,,,,Yeast9,C:\Users\pc\Documents\auxoyeast\auxoyeast-v058-yeast9\results\model_cache\Yeast9.from_sbml.json,a0c2845382f586e2631455c9663dd0f7b161f63591dde29974464fe8f31d0742,excel:132,20556,C:\Users\pc\anaconda3\envs\auxoyeast-repro\python.exe,9.277458568832257,optimal,glpk,180,0.0008590751899388004,-1000.0,240,1e-07,False,process_timeout_only_tight_feasibility,False,not_attempted,,120,primary,132,YPL231W,fatty acid,1,Other,"Schüller HJ, et al. (1992) PMID:1735446",False
r_0817,"{'r_0817': [0, 0]}",type_I,fresh_model_per_condition,False,1e-07,YKL184W,0.08590751899387956,optimal,,r_1548,,,,Yeast9,C:\Users\pc\Documents\auxoyeast\auxoyeast-v058-yeast9\results\model_cache\Yeast9.from_sbml.json,a0c2845382f586e2631455c9663dd0f7b161f63591dde29974464fe8f31d0742,excel:133,12068,C:\Users\pc\anaconda3\envs\auxoyeast-repro\python.exe,0.08591081396679216,optimal,glpk,180,0.0008590751899388004,-1000.0,240,1e-07,False,process_timeout_only_tight_feasibility,False,not_attempted,,120,primary,133,YKL184W,putrescine,1,S288C,"White WH, et al. (2001) PMID:11154694",False
r_0145,"{'r_0145': [0, 0]}",correct,fresh_model_per_condition,True,1e-07,YOL052C,-9.575844248413162e-29,optimal,,r_2052,,,,Yeast9,C:\Users\pc\Documents\auxoyeast\auxoyeast-v058-yeast9\results\model_cache\Yeast9.from_sbml.json,a0c2845382f586e2631455c9663dd0f7b161f63591dde29974464fe8f31d0742,excel:134,9456,C:\Users\pc\anaconda3\envs\auxoyeast-repro\python.exe,7.587102594422431,optimal,glpk,180,0.0008590751899388004,-1000.0,240,1e-07,False,process_timeout_only_tight_feasibility,False,not_attempted,,120,primary,134,YOL052C,spermine,1,S288C,"White WH, et al. (2001) PMID:11154694",False
r_1002+r_4752,"{'r_1002': [0, 0], 'r_4752': [0.0, 1000.0]}",correct,fresh_model_per_condition,True,1e-07,YLR146C,-9.575844248413162e-29,optimal,,r_2052,,,,Yeast9,C:\Users\pc\Documents\auxoyeast\auxoyeast-v058-yeast9\results\model_cache\Yeast9.from_sbml.json,a0c2845382f586e2631455c9663dd0f7b161f63591dde29974464fe8f31d0742,excel:135,21848,C:\Users\pc\anaconda3\envs\auxoyeast-repro\python.exe,7.5871025944224835,optimal,glpk,180,0.0008590751899388004,-1000.0,240,1e-07,False,process_timeout_only_tight_feasibility,False,not_attempted,,120,primary,135,YLR146C,spermine,1,S288C,"White WH, et al. (2001) PMID:11154694",False
r_0081,"{'r_0081': [0, 0]}",type_II,fresh_model_per_condition,False,1e-07,YDR232W,-7.9220152351833e-17,optimal,,,,,a_0001,Yeast9,C:\Users\pc\Documents\auxoyeast\auxoyeast-v058-yeast9\results\model_cache\Yeast9.from_sbml.json,a0c2845382f586e2631455c9663dd0f7b161f63591dde29974464fe8f31d0742,excel:136,14048,C:\Users\pc\anaconda3\envs\auxoyeast-repro\python.exe,-7.9220152351833e-17,optimal,glpk,180,0.0008590751899388004,-1000.0,240,1e-07,False,process_timeout_only_tight_feasibility,False,not_attempted,,120,primary,136,YDR232W,heme,1,Other,"Maclean KN, et al. (2000) PMID:11051561",False
r_1081,"{'r_1081': [0, 0]}",type_II,fresh_model_per_condition,False,1e-07,YDR047W,0.0,optimal,,,,,a_0001,Yeast9,C:\Users\pc\Documents\auxoyeast\auxoyeast-v058-yeast9\results\model_cache\Yeast9.from_sbml.json,a0c2845382f586e2631455c9663dd0f7b161f63591dde29974464fe8f31d0742,excel:137,1780,C:\Users\pc\anaconda3\envs\auxoyeast-repro\python.exe,0.0,optimal,glpk,180,0.0008590751899388004,-1000.0,240,1e-07,False,process_timeout_only_tight_feasibility,False,not_attempted,,120,primary,137,YDR047W,heme,1,Other,"Núñez L, et al. (2004) PMID:15257413",False
r_0935,"{'r_0935': [0, 0]}",type_II,fresh_model_per_condition,False,1e-07,YGL040C,0.0,optimal,,,,,a_0001,Yeast9,C:\Users\pc\Documents\auxoyeast\auxoyeast-v058-yeast9\results\model_cache\Yeast9.from_sbml.json,a0c2845382f586e2631455c9663dd0f7b161f63591dde29974464fe8f31d0742,excel:138,21152,C:\Users\pc\anaconda3\envs\auxoyeast-repro\python.exe,0.0,optimal,glpk,180,0.0008590751899388004,-1000.0,240,1e-07,False,process_timeout_only_tight_feasibility,False,not_attempted,,120,primary,138,YGL040C,heme,1,W303,"Maclean KN, et al. (2000) PMID:11051561",False
r_0557,"{'r_0557': [0, 0]}",type_II,fresh_model_per_condition,False,1e-07,YDL205C,-3.0646399881311667e-30,optimal,,,,,a_0001,Yeast9,C:\Users\pc\Documents\auxoyeast\auxoyeast-v058-yeast9\results\model_cache\Yeast9.from_sbml.json,a0c2845382f586e2631455c9663dd0f7b161f63591dde29974464fe8f31d0742,excel:139,7584,C:\Users\pc\anaconda3\envs\auxoyeast-repro\python.exe,-3.0646399881311667e-30,optimal,glpk,180,0.0008590751899388004,-1000.0,240,1e-07,False,process_timeout_only_tight_feasibility,False,not_attempted,,120,primary,139,YDL205C,heme,1,Other,"Keng T, et al. (1992) PMID:1508149",False
r_1083,"{'r_1083': [0, 0]}",type_II,fresh_model_per_condition,False,1e-07,YOR278W,0.0,optimal,,,,,a_0001,Yeast9,C:\Users\pc\Documents\auxoyeast\auxoyeast-v058-yeast9\results\model_cache\Yeast9.from_sbml.json,a0c2845382f586e2631455c9663dd0f7b161f63591dde29974464fe8f31d0742,excel:140,20580,C:\Users\pc\anaconda3\envs\auxoyeast-repro\python.exe,0.0,optimal,glpk,180,0.0008590751899388004,-1000.0,240,1e-07,False,process_timeout_only_tight_feasibility,False,not_attempted,,120,primary,140,YOR278W,heme,1,Other,"Tan FC, et al. (2008) PMID:18042043",False
r_0817,"{'r_0817': [0, 0]}",type_I,fresh_model_per_condition,False,1e-07,YKL184W,0.08590751899387956,optimal,,r_2051,,,,Yeast9,C:\Users\pc\Documents\auxoyeast\auxoyeast-v058-yeast9\results\model_cache\Yeast9.from_sbml.json,a0c2845382f586e2631455c9663dd0f7b161f63591dde29974464fe8f31d0742,excel:141,2104,C:\Users\pc\anaconda3\envs\auxoyeast-repro\python.exe,0.08590751899387843,optimal,glpk,180,0.0008590751899388004,-1000.0,240,1e-07,False,process_timeout_only_tight_feasibility,False,not_attempted,,120,primary,141,YKL184W,spermidine,1,S288C,"White WH, et al. (2001) PMID:11154694",False
r_1001+r_4752,"{'r_1001': [0, 0], 'r_4752': [0.0, 1000.0]}",type_I,fresh_model_per_condition,False,1e-07,YPR069C,0.08590751899387915,optimal,,r_2051,,,,Yeast9,C:\Users\pc\Documents\auxoyeast\auxoyeast-v058-yeast9\results\model_cache\Yeast9.from_sbml.json,a0c2845382f586e2631455c9663dd0f7b161f63591dde29974464fe8f31d0742,excel:142,25060,C:\Users\pc\anaconda3\envs\auxoyeast-repro\python.exe,0.0859075189938795,optimal,glpk,180,0.0008590751899388004,-1000.0,240,1e-07,False,process_timeout_only_tight_feasibility,False,not_attempted,,120,primary,142,YPR069C,spermidine,1,S288C,"White WH, et al. (2001) PMID:11154694",False
r_0817,"{'r_0817': [0, 0]}",type_I,fresh_model_per_condition,False,1e-07,YKL184W,0.08590751899387956,optimal,,r_2052,,,,Yeast9,C:\Users\pc\Documents\auxoyeast\auxoyeast-v058-yeast9\results\model_cache\Yeast9.from_sbml.json,a0c2845382f586e2631455c9663dd0f7b161f63591dde29974464fe8f31d0742,excel:143,25360,C:\Users\pc\anaconda3\envs\auxoyeast-repro\python.exe,7.587102594422403,optimal,glpk,180,0.0008590751899388004,-1000.0,240,1e-07,False,process_timeout_only_tight_feasibility,False,not_attempted,,120,primary,143,YKL184W,spermine,1,S288C,"White WH, et al. (2001) PMID:11154694",False
r_1001+r_4752,"{'r_1001': [0, 0], 'r_4752': [0.0, 1000.0]}",type_I,fresh_model_per_condition,False,1e-07,YPR069C,0.08590751899387915,optimal,,r_2052,,,,Yeast9,C:\Users\pc\Documents\auxoyeast\auxoyeast-v058-yeast9\results\model_cache\Yeast9.from_sbml.json,a0c2845382f586e2631455c9663dd0f7b161f63591dde29974464fe8f31d0742,excel:144,17700,C:\Users\pc\anaconda3\envs\auxoyeast-repro\python.exe,7.587102594422446,optimal,glpk,180,0.0008590751899388004,-1000.0,240,1e-07,False,process_timeout_only_tight_feasibility,False,not_attempted,,120,primary,144,YPR069C,spermine,1,S288C,"White WH, et al. (2001) PMID:11154694",False
r_0735+r_0736+r_0737+r_0738,"{'r_0735': [0, 0], 'r_0736': [0, 0], 'r_0737': [0, 0], 'r_0738': [0, 0]}",type_II,fresh_model_per_condition,False,1e-07,YMR208W,1.8764946125601842e-16,optimal,,r_1757,a_0001,,,Yeast9,C:\Users\pc\Documents\auxoyeast\auxoyeast-v058-yeast9\results\model_cache\Yeast9.from_sbml.json,a0c2845382f586e2631455c9663dd0f7b161f63591dde29974464fe8f31d0742,excel:145,24052,C:\Users\pc\anaconda3\envs\auxoyeast-repro\python.exe,1.2501860284761028e-29,optimal,glpk,180,0.0008590751899388004,-1000.0,240,1e-07,False,process_timeout_only_tight_feasibility,False,not_attempted,,120,primary,145,YMR208W,ergosterol add heme,1,FL100,Karst F and Lacroute F (1977) PMID:200835,True
r_0559+r_0560,"{'r_0559': [0, 0], 'r_0560': [0, 0]}",type_II,fresh_model_per_condition,False,1e-07,YML126C,0.0,optimal,,r_1757,a_0001,,,Yeast9,C:\Users\pc\Documents\auxoyeast\auxoyeast-v058-yeast9\results\model_cache\Yeast9.from_sbml.json,a0c2845382f586e2631455c9663dd0f7b161f63591dde29974464fe8f31d0742,excel:146,6220,C:\Users\pc\anaconda3\envs\auxoyeast-repro\python.exe,-4.660024334560821e-29,optimal,glpk,180,0.0008590751899388004,-1000.0,240,1e-07,False,process_timeout_only_tight_feasibility,False,not_attempted,,120,primary,146,YML126C,ergosterol add heme,1,FL100,"Servouse M, et al. (1984) PMID:6148937",True
r_0355+r_0462,"{'r_0355': [0, 0], 'r_0462': [0, 0]}",type_II,fresh_model_per_condition,False,1e-07,YJL167W,-1.4415964233580971e-18,optimal,,r_1757,a_0001,,,Yeast9,C:\Users\pc\Documents\auxoyeast\auxoyeast-v058-yeast9\results\model_cache\Yeast9.from_sbml.json,a0c2845382f586e2631455c9663dd0f7b161f63591dde29974464fe8f31d0742,excel:147,22704,C:\Users\pc\anaconda3\envs\auxoyeast-repro\python.exe,0.0,optimal,glpk,180,0.0008590751899388004,-1000.0,240,1e-07,False,process_timeout_only_tight_feasibility,False,not_attempted,,120,primary,147,YJL167W,ergosterol add heme,1,Other,"Chambon C, et al. (1990) PMID:2245473",True
r_2182+r_2183,"{'r_2182': [0, 0], 'r_2183': [0, 0]}",correct,fresh_model_per_condition,True,1e-07,YGL055W,1.0996284195100345e-31,optimal,r_1994,r_2189,,,,Yeast9,C:\Users\pc\Documents\auxoyeast\auxoyeast-v058-yeast9\results\model_cache\Yeast9.from_sbml.json,a0c2845382f586e2631455c9663dd0f7b161f63591dde29974464fe8f31d0742,excel:148,18048,C:\Users\pc\anaconda3\envs\auxoyeast-repro\python.exe,7.7008797111054745,optimal,glpk,180,0.0008590751899388004,-1000.0,240,1e-07,False,process_timeout_only_tight_feasibility,False,not_attempted,,120,primary,148,YGL055W,oleicacid add tween40,1,S288C,Henry SA (1973) PMID:4127627,True
