model,pair_id,gene_field,genes,chemical,requested_rescue,requested_background,mapped_rescue,mapped_background,missing_rescue,strain_background,experimental_reference,experimental_source_locator,current_class,ko_growth,rescue_growth,threshold,current_model_sha256,reference_ids,reference_kind,raw_reference_value,reference_class,source_ids,source_locator,comparability,agreement,exact_run_comparable,limitation
Yeast9,excel:58,YOR303W,YOR303W,arginine add uracil,r_1879,r_2090,r_1879,r_2090,,Other,"Lacroute F, et al. (1965) PMID:5856369",Dataset 2; all!A58:F58,correct,1.2115242938631016e-17,9.986781792071026,0.0008590751899388004,0e120b0d4015048ef2edaf86ea039c533a72827ff00a34ca35d9fbe87a2781e5,,no_benchmark_prediction_found,,,ART;SUP;UPSTREAM,Article sections 2-4; Dataset 1/2 sheets; supplements S1/S2; publication-proximate upstream tree,not_reported,unknown,False,No benchmark-specific prediction found in the inspected package.
Yeast9,excel:59,YJR109C,YJR109C,arginine add uracil,r_1879,r_2090,r_1879,r_2090,,Other,Lim AL and Powers-Lee SG (1996) PMID:8626695,Dataset 2; all!A59:F59,correct,1.2115242938631016e-17,9.986781792071026,0.0008590751899388004,0e120b0d4015048ef2edaf86ea039c533a72827ff00a34ca35d9fbe87a2781e5,,no_benchmark_prediction_found,,,ART;SUP;UPSTREAM,Article sections 2-4; Dataset 1/2 sheets; supplements S1/S2; publication-proximate upstream tree,not_reported,unknown,False,No benchmark-specific prediction found in the inspected package.
Yeast9,excel:95,YGR144W,YGR144W,thiamine(1+),r_2067,,r_2067,,,S288C,"Ruiz-Roldán C, et al. (2008) PMID:17964830",Dataset 2; all!A95:F95,type_I,0.08590751899388024,0.08590754899640818,0.0008590751899388004,0e120b0d4015048ef2edaf86ea039c533a72827ff00a34ca35d9fbe87a2781e5,T1-23,selected_published_error_class,type II,type_II,ART,"Table 1 (tbl1), body row 14, THI4-thiamine",comparable_qualitative,mismatch,False,Published qualitative benchmark label; exact author run/version/numerical growth remain unavailable.
Yeast9,excel:146,YML126C,YML126C,ergosterol add heme,r_1757,a_0001,r_1757,,,FL100,"Servouse M, et al. (1984) PMID:6148937",Dataset 2; all!A146:F146,type_II,0.0,-4.660024334560821e-29,0.0008590751899388004,0e120b0d4015048ef2edaf86ea039c533a72827ff00a34ca35d9fbe87a2781e5,T1-09,selected_published_error_class,type II,,ART,"Table 1 (tbl1), body row 10, ERG13-ergosterol",not_comparable,unknown,False,Reference omits the background supplement required by this Dataset 2 record.
Yeast9,excel:147,YJL167W,YJL167W,ergosterol add heme,r_1757,a_0001,r_1757,,,Other,"Chambon C, et al. (1990) PMID:2245473",Dataset 2; all!A147:F147,type_II,-1.4415964233580971e-18,0.0,0.0008590751899388004,0e120b0d4015048ef2edaf86ea039c533a72827ff00a34ca35d9fbe87a2781e5,T1-10,selected_published_error_class,type II,,ART,"Table 1 (tbl1), body row 10, ERG20-ergosterol",not_comparable,unknown,False,Reference omits the background supplement required by this Dataset 2 record.
Yeast9_curated,excel:58,YOR303W,YOR303W,arginine add uracil,r_1879,r_2090,r_1879,r_2090,,Other,"Lacroute F, et al. (1965) PMID:5856369",Dataset 2; all!A58:F58,type_I,0.08638001520880895,7.7285732730931915,0.0008590751899388004,d0bd57f6ec99b8fb1f0ffeb7006ba88a879a9185100236249d6e4bae333a82af,,no_benchmark_prediction_found,,,ART;SUP;UPSTREAM,Article sections 2-4; Dataset 1/2 sheets; supplements S1/S2; publication-proximate upstream tree,not_reported,unknown,False,No benchmark-specific prediction found in the inspected package.
Yeast9_curated,excel:59,YJR109C,YJR109C,arginine add uracil,r_1879,r_2090,r_1879,r_2090,,Other,Lim AL and Powers-Lee SG (1996) PMID:8626695,Dataset 2; all!A59:F59,type_I,0.08638001520880895,7.7285732730931915,0.0008590751899388004,d0bd57f6ec99b8fb1f0ffeb7006ba88a879a9185100236249d6e4bae333a82af,,no_benchmark_prediction_found,,,ART;SUP;UPSTREAM,Article sections 2-4; Dataset 1/2 sheets; supplements S1/S2; publication-proximate upstream tree,not_reported,unknown,False,No benchmark-specific prediction found in the inspected package.
Yeast9_curated,excel:95,YGR144W,YGR144W,thiamine(1+),r_2067,,r_2067,,,S288C,"Ruiz-Roldán C, et al. (2008) PMID:17964830",Dataset 2; all!A95:F95,type_I,0.08583536883969187,0.08583536804283677,0.0008590751899388004,d0bd57f6ec99b8fb1f0ffeb7006ba88a879a9185100236249d6e4bae333a82af,,no_benchmark_prediction_found,,,ART;SUP;UPSTREAM,Article sections 2-4; Dataset 1/2 sheets; supplements S1/S2; publication-proximate upstream tree,not_reported,unknown,False,No benchmark-specific prediction found in the inspected package.
Yeast9_curated,excel:146,YML126C,YML126C,ergosterol add heme,r_1757,a_0001,r_1757,r_temp1,,FL100,"Servouse M, et al. (1984) PMID:6148937",Dataset 2; all!A146:F146,correct,0.0,0.08846138825883221,0.0008590751899388004,d0bd57f6ec99b8fb1f0ffeb7006ba88a879a9185100236249d6e4bae333a82af,,no_benchmark_prediction_found,,,ART;SUP;UPSTREAM,Article sections 2-4; Dataset 1/2 sheets; supplements S1/S2; publication-proximate upstream tree,not_reported,unknown,False,No benchmark-specific prediction found in the inspected package.
Yeast9_curated,excel:147,YJL167W,YJL167W,ergosterol add heme,r_1757,a_0001,r_1757,r_temp1,,Other,"Chambon C, et al. (1990) PMID:2245473",Dataset 2; all!A147:F147,correct,0.0,0.08846135360255473,0.0008590751899388004,d0bd57f6ec99b8fb1f0ffeb7006ba88a879a9185100236249d6e4bae333a82af,,no_benchmark_prediction_found,,,ART;SUP;UPSTREAM,Article sections 2-4; Dataset 1/2 sheets; supplements S1/S2; publication-proximate upstream tree,not_reported,unknown,False,No benchmark-specific prediction found in the inspected package.
